timestamp,pm2_5,pm10,us_aqi,hour,day,month,day_of_week
2025-10-01 00:00:00,26.9,27.0,89,0,1,10,2
2025-10-01 01:00:00,24.8,24.9,88,1,1,10,2
2025-10-01 02:00:00,23.1,23.2,86,2,1,10,2
2025-10-01 03:00:00,22.1,22.2,85,3,1,10,2
2025-10-01 04:00:00,21.7,21.7,84,4,1,10,2
2025-10-01 05:00:00,18.8,18.9,83,5,1,10,2
2025-10-01 06:00:00,19.3,19.4,81,6,1,10,2
2025-10-01 07:00:00,22.2,22.4,79,7,1,10,2
2025-10-01 08:00:00,22.2,22.3,78,8,1,10,2
2025-10-01 09:00:00,14.8,15.0,77,9,1,10,2
2025-10-01 10:00:00,11.7,12.5,75,10,1,10,2
2025-10-01 11:00:00,11.0,12.9,73,11,1,10,2
2025-10-01 12:00:00,10.4,12.5,72,12,1,10,2
2025-10-01 13:00:00,9.7,11.5,71,13,1,10,2
2025-10-01 14:00:00,9.2,10.6,70,14,1,10,2
2025-10-01 15:00:00,8.7,9.9,69,15,1,10,2
2025-10-01 16:00:00,8.2,9.2,69,16,1,10,2
2025-10-01 17:00:00,14.5,17.3,68,17,1,10,2
2025-10-01 18:00:00,17.0,19.0,76,18,1,10,2
2025-10-01 19:00:00,17.6,19.4,75,19,1,10,2
2025-10-01 20:00:00,17.1,18.7,65,20,1,10,2
2025-10-01 21:00:00,16.2,17.8,64,21,1,10,2
2025-10-01 22:00:00,15.4,16.7,62,22,1,10,2
2025-10-01 23:00:00,14.2,15.4,61,23,1,10,2
2025-10-02 00:00:00,12.6,13.9,60,0,2,10,3
2025-10-02 01:00:00,11.3,12.9,58,1,2,10,3
2025-10-02 02:00:00,11.0,13.0,57,2,2,10,3
2025-10-02 03:00:00,11.4,13.4,56,3,2,10,3
2025-10-02 04:00:00,11.5,13.4,55,4,2,10,3
2025-10-02 05:00:00,12.6,14.3,54,5,2,10,3
2025-10-02 06:00:00,13.3,15.2,54,6,2,10,3
2025-10-02 07:00:00,16.4,18.5,53,7,2,10,3
2025-10-02 08:00:00,18.4,21.5,53,8,2,10,3
2025-10-02 09:00:00,15.1,21.7,52,9,2,10,3
2025-10-02 10:00:00,13.1,19.3,52,10,2,10,3
2025-10-02 11:00:00,12.1,17.4,52,11,2,10,3
2025-10-02 12:00:00,11.2,15.9,53,12,2,10,3
2025-10-02 13:00:00,10.3,14.8,53,13,2,10,3
2025-10-02 14:00:00,9.5,14.1,53,14,2,10,3
2025-10-02 15:00:00,8.7,13.2,53,15,2,10,3
2025-10-02 16:00:00,8.4,12.6,53,16,2,10,3
2025-10-02 17:00:00,10.6,15.9,53,17,2,10,3
2025-10-02 18:00:00,11.5,15.5,52,18,2,10,3
2025-10-02 19:00:00,13.4,16.1,52,19,2,10,3
2025-10-02 20:00:00,12.7,14.8,52,20,2,10,3
2025-10-02 21:00:00,11.6,13.3,51,21,2,10,3
2025-10-02 22:00:00,10.7,12.1,51,22,2,10,3
2025-10-02 23:00:00,9.8,10.9,50,23,2,10,3
2025-10-03 00:00:00,8.6,9.4,50,0,3,10,4
2025-10-03 01:00:00,7.5,8.1,49,1,3,10,4
2025-10-03 02:00:00,7.1,7.8,49,2,3,10,4
2025-10-03 03:00:00,7.0,7.6,48,3,3,10,4
2025-10-03 04:00:00,7.1,7.8,47,4,3,10,4
2025-10-03 05:00:00,7.0,8.0,46,5,3,10,4
2025-10-03 06:00:00,7.1,8.2,45,6,3,10,4
2025-10-03 07:00:00,8.3,9.8,44,7,3,10,4
2025-10-03 08:00:00,9.1,12.5,43,8,3,10,4
2025-10-03 09:00:00,9.7,14.0,41,9,3,10,4
2025-10-03 10:00:00,9.3,14.8,40,10,3,10,4
2025-10-03 11:00:00,9.0,14.5,40,11,3,10,4
2025-10-03 12:00:00,8.7,13.9,39,12,3,10,4
2025-10-03 13:00:00,8.0,12.7,39,13,3,10,4
2025-10-03 14:00:00,7.5,11.6,38,14,3,10,4
2025-10-03 15:00:00,7.7,11.1,38,15,3,10,4
2025-10-03 16:00:00,8.1,11.2,38,16,3,10,4
2025-10-03 17:00:00,11.2,17.4,38,17,3,10,4
2025-10-03 18:00:00,12.5,17.7,38,18,3,10,4
2025-10-03 19:00:00,12.7,17.8,38,19,3,10,4
2025-10-03 20:00:00,12.5,17.6,38,20,3,10,4
2025-10-03 21:00:00,12.4,17.4,38,21,3,10,4
2025-10-03 22:00:00,12.4,17.3,38,22,3,10,4
2025-10-03 23:00:00,12.7,17.5,38,23,3,10,4
2025-10-04 00:00:00,12.3,16.9,39,0,4,10,5
2025-10-04 01:00:00,11.7,16.2,39,1,4,10,5
2025-10-04 02:00:00,11.3,15.7,40,2,4,10,5
2025-10-04 03:00:00,11.1,15.4,41,3,4,10,5
2025-10-04 04:00:00,10.9,15.4,42,4,4,10,5
2025-10-04 05:00:00,9.3,12.0,42,5,4,10,5
2025-10-04 06:00:00,9.9,12.5,43,6,4,10,5
2025-10-04 07:00:00,12.4,15.3,43,7,4,10,5
2025-10-04 08:00:00,13.6,19.1,44,8,4,10,5
2025-10-04 09:00:00,14.6,23.2,45,9,4,10,5
2025-10-04 10:00:00,14.6,25.6,45,10,4,10,5
2025-10-04 11:00:00,14.9,26.6,46,11,4,10,5
2025-10-04 12:00:00,15.0,26.8,47,12,4,10,5
2025-10-04 13:00:00,13.9,24.6,48,13,4,10,5
2025-10-04 14:00:00,13.0,22.4,50,14,4,10,5
2025-10-04 15:00:00,12.0,20.1,50,15,4,10,5
2025-10-04 16:00:00,11.8,18.9,51,16,4,10,5
2025-10-04 17:00:00,12.1,18.7,51,17,4,10,5
2025-10-04 18:00:00,14.6,19.6,51,18,4,10,5
2025-10-04 19:00:00,17.7,22.1,51,19,4,10,5
2025-10-04 20:00:00,18.1,22.5,52,20,4,10,5
2025-10-04 21:00:00,17.8,22.4,52,21,4,10,5
2025-10-04 22:00:00,17.1,21.8,53,22,4,10,5
2025-10-04 23:00:00,16.3,21.1,53,23,4,10,5
2025-10-05 00:00:00,14.9,19.5,53,0,5,10,6
2025-10-05 01:00:00,13.0,17.3,54,1,5,10,6
2025-10-05 02:00:00,11.6,15.8,54,2,5,10,6
2025-10-05 03:00:00,11.2,15.4,54,3,5,10,6
2025-10-05 04:00:00,11.5,15.5,54,4,5,10,6
2025-10-05 05:00:00,12.4,16.5,54,5,5,10,6
2025-10-05 06:00:00,13.8,18.3,54,6,5,10,6
2025-10-05 07:00:00,18.3,23.5,54,7,5,10,6
2025-10-05 08:00:00,18.2,25.0,55,8,5,10,6
2025-10-05 09:00:00,17.1,24.6,55,9,5,10,6
2025-10-05 10:00:00,16.6,24.1,56,10,5,10,6
2025-10-05 11:00:00,16.9,24.4,56,11,5,10,6
2025-10-05 12:00:00,15.5,22.5,56,12,5,10,6
2025-10-05 13:00:00,14.6,21.5,56,13,5,10,6
2025-10-05 14:00:00,14.0,21.1,56,14,5,10,6
2025-10-05 15:00:00,14.0,21.8,56,15,5,10,6
2025-10-05 16:00:00,13.4,21.4,56,16,5,10,6
2025-10-05 17:00:00,11.5,18.2,56,17,5,10,6
2025-10-05 18:00:00,12.3,19.6,56,18,5,10,6
2025-10-05 19:00:00,15.1,22.0,56,19,5,10,6
2025-10-05 20:00:00,15.8,23.5,56,20,5,10,6
2025-10-05 21:00:00,15.7,23.9,56,21,5,10,6
2025-10-05 22:00:00,15.4,24.6,56,22,5,10,6
2025-10-05 23:00:00,15.5,25.7,55,23,5,10,6
2025-10-06 00:00:00,15.7,27.0,55,0,6,10,0
2025-10-06 01:00:00,15.5,27.5,55,1,6,10,0
2025-10-06 02:00:00,15.6,28.0,56,2,6,10,0
2025-10-06 03:00:00,15.7,28.0,56,3,6,10,0
2025-10-06 04:00:00,15.7,27.8,56,4,6,10,0
2025-10-06 05:00:00,16.1,27.0,57,5,6,10,0
2025-10-06 06:00:00,16.3,28.2,57,6,6,10,0
2025-10-06 07:00:00,18.6,37.6,57,7,6,10,0
2025-10-06 08:00:00,23.2,64.5,57,8,6,10,0
2025-10-06 09:00:00,30.5,125.3,58,9,6,10,0
2025-10-06 10:00:00,39.0,184.9,59,10,6,10,0
2025-10-06 11:00:00,45.4,223.1,61,11,6,10,0
2025-10-06 12:00:00,49.9,243.1,63,12,6,10,0
2025-10-06 13:00:00,51.6,244.0,67,13,6,10,0
2025-10-06 14:00:00,51.5,231.0,70,14,6,10,0
2025-10-06 15:00:00,49.9,209.5,73,15,6,10,0
2025-10-06 16:00:00,49.5,193.7,76,16,6,10,0
2025-10-06 17:00:00,56.6,209.1,80,17,6,10,0
2025-10-06 18:00:00,56.5,185.8,84,18,6,10,0
2025-10-06 19:00:00,51.3,164.4,87,19,6,10,0
2025-10-06 20:00:00,42.1,132.7,91,20,6,10,0
2025-10-06 21:00:00,32.8,98.5,93,21,6,10,0
2025-10-06 22:00:00,25.7,70.8,94,22,6,10,0
2025-10-06 23:00:00,21.2,52.9,95,23,6,10,0
2025-10-07 00:00:00,18.5,42.7,96,0,7,10,1
2025-10-07 01:00:00,16.9,39.2,96,1,7,10,1
2025-10-07 02:00:00,16.5,40.7,96,2,7,10,1
2025-10-07 03:00:00,16.8,45.1,96,3,7,10,1
2025-10-07 04:00:00,18.0,52.4,96,4,7,10,1
2025-10-07 05:00:00,18.9,61.5,97,5,7,10,1
2025-10-07 06:00:00,20.5,64.0,97,6,7,10,1
2025-10-07 07:00:00,25.5,76.8,97,7,7,10,1
2025-10-07 08:00:00,31.5,104.5,98,8,7,10,1
2025-10-07 09:00:00,36.4,166.7,99,9,7,10,1
2025-10-07 10:00:00,43.8,225.4,99,10,7,10,1
2025-10-07 11:00:00,49.0,253.3,100,11,7,10,1
2025-10-07 12:00:00,52.2,261.7,100,12,7,10,1
2025-10-07 13:00:00,53.3,262.6,100,13,7,10,1
2025-10-07 14:00:00,53.4,260.8,100,14,7,10,1
2025-10-07 15:00:00,52.7,258.9,100,15,7,10,1
2025-10-07 16:00:00,51.3,254.3,101,16,7,10,1
2025-10-07 17:00:00,51.3,245.9,101,17,7,10,1
2025-10-07 18:00:00,46.2,188.6,100,18,7,10,1
2025-10-07 19:00:00,44.1,161.1,99,19,7,10,1
2025-10-07 20:00:00,42.3,142.5,99,20,7,10,1
2025-10-07 21:00:00,41.0,129.5,99,21,7,10,1
2025-10-07 22:00:00,40.5,121.1,100,22,7,10,1
2025-10-07 23:00:00,41.0,114.8,101,23,7,10,1
2025-10-08 00:00:00,42.1,115.9,103,0,8,10,2
2025-10-08 01:00:00,42.5,118.0,106,1,8,10,2
2025-10-08 02:00:00,41.6,116.9,108,2,8,10,2
2025-10-08 03:00:00,40.7,114.8,111,3,8,10,2
2025-10-08 04:00:00,39.8,111.1,113,4,8,10,2
2025-10-08 05:00:00,37.0,109.0,116,5,8,10,2
2025-10-08 06:00:00,39.7,109.9,117,6,8,10,2
2025-10-08 07:00:00,50.4,119.2,119,7,8,10,2
2025-10-08 08:00:00,46.9,104.8,122,8,8,10,2
2025-10-08 09:00:00,32.6,109.4,124,9,8,10,2
2025-10-08 10:00:00,33.2,126.7,123,10,8,10,2
2025-10-08 11:00:00,36.2,142.5,122,11,8,10,2
2025-10-08 12:00:00,39.9,149.9,121,12,8,10,2
2025-10-08 13:00:00,41.9,150.4,120,13,8,10,2
2025-10-08 14:00:00,43.5,146.2,118,14,8,10,2
2025-10-08 15:00:00,44.0,141.1,117,15,8,10,2
2025-10-08 16:00:00,43.2,133.2,116,16,8,10,2
2025-10-08 17:00:00,47.6,145.3,116,17,8,10,2
2025-10-08 18:00:00,45.5,118.0,115,18,8,10,2
2025-10-08 19:00:00,42.7,101.7,115,19,8,10,2
2025-10-08 20:00:00,39.6,93.4,115,20,8,10,2
2025-10-08 21:00:00,39.2,90.8,115,21,8,10,2
2025-10-08 22:00:00,41.9,93.4,115,22,8,10,2
2025-10-08 23:00:00,46.7,103.1,115,23,8,10,2
2025-10-09 00:00:00,49.7,109.7,115,0,9,10,3
2025-10-09 01:00:00,49.6,112.5,116,1,9,10,3
2025-10-09 02:00:00,49.0,114.1,117,2,9,10,3
2025-10-09 03:00:00,45.2,102.9,118,3,9,10,3
2025-10-09 04:00:00,38.9,92.4,118,4,9,10,3
2025-10-09 05:00:00,31.1,78.9,118,5,9,10,3
2025-10-09 06:00:00,30.9,79.4,117,6,9,10,3
2025-10-09 07:00:00,35.3,87.3,116,7,9,10,3
2025-10-09 08:00:00,38.5,88.2,115,8,9,10,3
2025-10-09 09:00:00,34.6,105.2,114,9,9,10,3
2025-10-09 10:00:00,36.7,124.3,114,10,9,10,3
2025-10-09 11:00:00,41.7,130.4,115,11,9,10,3
2025-10-09 12:00:00,44.8,127.6,115,12,9,10,3
2025-10-09 13:00:00,44.9,122.0,116,13,9,10,3
2025-10-09 14:00:00,43.0,115.3,116,14,9,10,3
2025-10-09 15:00:00,41.9,111.5,116,15,9,10,3
2025-10-09 16:00:00,41.8,110.1,116,16,9,10,3
2025-10-09 17:00:00,41.4,106.6,116,17,9,10,3
2025-10-09 18:00:00,41.0,92.9,115,18,9,10,3
2025-10-09 19:00:00,39.6,85.0,114,19,9,10,3
2025-10-09 20:00:00,37.7,82.0,114,20,9,10,3
2025-10-09 21:00:00,37.5,79.6,114,21,9,10,3
2025-10-09 22:00:00,38.5,78.2,114,22,9,10,3
2025-10-09 23:00:00,39.5,78.2,113,23,9,10,3
2025-10-10 00:00:00,39.6,79.6,113,0,10,10,4
2025-10-10 01:00:00,40.3,84.5,112,1,10,10,4
2025-10-10 02:00:00,41.4,91.3,111,2,10,10,4
2025-10-10 03:00:00,40.5,90.1,110,3,10,10,4
2025-10-10 04:00:00,36.6,77.3,109,4,10,10,4
2025-10-10 05:00:00,32.5,70.3,109,5,10,10,4
2025-10-10 06:00:00,32.0,69.2,109,6,10,10,4
2025-10-10 07:00:00,36.2,73.3,109,7,10,10,4
2025-10-10 08:00:00,38.6,76.1,109,8,10,10,4
2025-10-10 09:00:00,35.3,89.2,109,9,10,10,4
2025-10-10 10:00:00,37.5,93.4,109,10,10,10,4
2025-10-10 11:00:00,39.3,95.5,110,11,10,10,4
2025-10-10 12:00:00,38.4,91.0,109,12,10,10,4
2025-10-10 13:00:00,37.5,86.8,109,13,10,10,4
2025-10-10 14:00:00,37.0,84.3,108,14,10,10,4
2025-10-10 15:00:00,36.6,82.7,107,15,10,10,4
2025-10-10 16:00:00,35.7,80.1,107,16,10,10,4
2025-10-10 17:00:00,43.2,93.8,106,17,10,10,4
2025-10-10 18:00:00,43.3,81.3,106,18,10,10,4
2025-10-10 19:00:00,42.5,76.4,106,19,10,10,4
2025-10-10 20:00:00,41.3,74.7,107,20,10,10,4
2025-10-10 21:00:00,41.2,73.1,107,21,10,10,4
2025-10-10 22:00:00,42.1,72.4,108,22,10,10,4
2025-10-10 23:00:00,44.0,74.5,108,23,10,10,4
2025-10-11 00:00:00,45.2,76.4,108,0,11,10,5
2025-10-11 01:00:00,45.1,77.1,109,1,11,10,5
2025-10-11 02:00:00,42.4,71.0,109,2,11,10,5
2025-10-11 03:00:00,38.6,65.9,110,3,11,10,5
2025-10-11 04:00:00,35.7,63.1,109,4,11,10,5
2025-10-11 05:00:00,35.0,63.1,109,5,11,10,5
2025-10-11 06:00:00,35.6,62.9,110,6,11,10,5
2025-10-11 07:00:00,43.8,72.2,110,7,11,10,5
2025-10-11 08:00:00,46.6,74.5,111,8,11,10,5
2025-10-11 09:00:00,38.8,83.4,112,9,11,10,5
2025-10-11 10:00:00,39.9,88.0,112,10,11,10,5
2025-10-11 11:00:00,42.3,88.2,112,11,11,10,5
2025-10-11 12:00:00,42.7,85.9,112,12,11,10,5
2025-10-11 13:00:00,41.9,83.6,113,13,11,10,5
2025-10-11 14:00:00,42.1,83.4,113,14,11,10,5
2025-10-11 15:00:00,42.4,83.1,114,15,11,10,5
2025-10-11 16:00:00,42.6,82.7,115,16,11,10,5
2025-10-11 17:00:00,41.1,77.8,115,17,11,10,5
2025-10-11 18:00:00,41.6,72.6,115,18,11,10,5
2025-10-11 19:00:00,42.0,66.8,115,19,11,10,5
2025-10-11 20:00:00,40.9,64.7,115,20,11,10,5
2025-10-11 21:00:00,41.1,64.0,115,21,11,10,5
2025-10-11 22:00:00,42.7,64.3,115,22,11,10,5
2025-10-11 23:00:00,44.8,65.0,115,23,11,10,5
2025-10-12 00:00:00,44.5,64.0,115,0,12,10,6
2025-10-12 01:00:00,42.4,61.2,115,1,12,10,6
2025-10-12 02:00:00,39.7,58.2,115,2,12,10,6
2025-10-12 03:00:00,36.8,55.5,114,3,12,10,6
2025-10-12 04:00:00,33.6,52.7,114,4,12,10,6
2025-10-12 05:00:00,33.2,52.2,114,5,12,10,6
2025-10-12 06:00:00,32.0,51.2,114,6,12,10,6
2025-10-12 07:00:00,35.0,53.9,113,7,12,10,6
2025-10-12 08:00:00,39.3,57.2,112,8,12,10,6
2025-10-12 09:00:00,38.8,63.8,112,9,12,10,6
2025-10-12 10:00:00,39.6,68.7,112,10,12,10,6
2025-10-12 11:00:00,34.6,60.5,112,11,12,10,6
2025-10-12 12:00:00,32.8,61.2,111,12,12,10,6
2025-10-12 13:00:00,32.9,63.6,110,13,12,10,6
2025-10-12 14:00:00,33.4,63.8,109,14,12,10,6
2025-10-12 15:00:00,34.0,62.9,108,15,12,10,6
2025-10-12 16:00:00,34.5,61.7,107,16,12,10,6
2025-10-12 17:00:00,38.5,66.8,113,17,12,10,6
2025-10-12 18:00:00,41.2,62.4,132,18,12,10,6
2025-10-12 19:00:00,43.3,59.8,135,19,12,10,6
2025-10-12 20:00:00,43.8,60.1,124,20,12,10,6
2025-10-12 21:00:00,44.7,60.8,106,21,12,10,6
2025-10-12 22:00:00,45.8,61.5,107,22,12,10,6
2025-10-12 23:00:00,46.8,62.9,107,23,12,10,6
2025-10-13 00:00:00,47.6,63.6,107,0,13,10,0
2025-10-13 01:00:00,46.9,61.0,108,1,13,10,0
2025-10-13 02:00:00,44.0,56.9,108,2,13,10,0
2025-10-13 03:00:00,41.2,54.0,108,3,13,10,0
2025-10-13 04:00:00,38.8,52.0,109,4,13,10,0
2025-10-13 05:00:00,36.9,50.8,109,5,13,10,0
2025-10-13 06:00:00,36.0,50.1,110,6,13,10,0
2025-10-13 07:00:00,38.2,52.4,110,7,13,10,0
2025-10-13 08:00:00,41.3,54.2,111,8,13,10,0
2025-10-13 09:00:00,36.8,55.1,111,9,13,10,0
2025-10-13 10:00:00,33.3,49.5,111,10,13,10,0
2025-10-13 11:00:00,31.3,47.0,110,11,13,10,0
2025-10-13 12:00:00,28.9,43.9,110,12,13,10,0
2025-10-13 13:00:00,28.0,42.1,109,13,13,10,0
2025-10-13 14:00:00,28.5,42.3,109,14,13,10,0
2025-10-13 15:00:00,29.2,42.6,108,15,13,10,0
2025-10-13 16:00:00,29.7,42.7,108,16,13,10,0
2025-10-13 17:00:00,38.0,54.5,107,17,13,10,0
2025-10-13 18:00:00,40.0,54.0,113,18,13,10,0
2025-10-13 19:00:00,42.0,53.8,114,19,13,10,0
2025-10-13 20:00:00,42.5,54.0,107,20,13,10,0
2025-10-13 21:00:00,44.1,54.9,107,21,13,10,0
2025-10-13 22:00:00,46.6,57.0,107,22,13,10,0
2025-10-13 23:00:00,49.0,59.6,107,23,13,10,0
2025-10-14 00:00:00,49.9,60.1,107,0,14,10,1
2025-10-14 01:00:00,47.5,56.8,107,1,14,10,1
2025-10-14 02:00:00,44.0,53.3,107,2,14,10,1
2025-10-14 03:00:00,40.5,50.2,107,3,14,10,1
2025-10-14 04:00:00,37.8,47.4,107,4,14,10,1
2025-10-14 05:00:00,37.6,47.1,107,5,14,10,1
2025-10-14 06:00:00,37.1,46.9,107,6,14,10,1
2025-10-14 07:00:00,40.3,50.4,107,7,14,10,1
2025-10-14 08:00:00,44.6,54.0,107,8,14,10,1
2025-10-14 09:00:00,41.6,55.6,108,9,14,10,1
2025-10-14 10:00:00,35.0,49.1,108,10,14,10,1
2025-10-14 11:00:00,27.8,38.3,109,11,14,10,1
2025-10-14 12:00:00,25.0,34.0,108,12,14,10,1
2025-10-14 13:00:00,25.0,33.2,108,13,14,10,1
2025-10-14 14:00:00,25.8,33.6,107,14,14,10,1
2025-10-14 15:00:00,26.5,34.3,107,15,14,10,1
2025-10-14 16:00:00,26.8,34.6,107,16,14,10,1
2025-10-14 17:00:00,26.9,34.1,108,17,14,10,1
2025-10-14 18:00:00,31.2,38.3,123,18,14,10,1
2025-10-14 19:00:00,34.6,41.1,126,19,14,10,1
2025-10-14 20:00:00,34.7,41.0,115,20,14,10,1
2025-10-14 21:00:00,34.5,40.5,103,21,14,10,1
2025-10-14 22:00:00,34.5,40.4,102,22,14,10,1
2025-10-14 23:00:00,34.7,40.7,101,23,14,10,1
2025-10-15 00:00:00,34.3,40.4,99,0,15,10,2
2025-10-15 01:00:00,33.9,39.5,98,1,15,10,2
2025-10-15 02:00:00,32.6,37.5,97,2,15,10,2
2025-10-15 03:00:00,30.6,35.6,96,3,15,10,2
2025-10-15 04:00:00,29.1,34.3,95,4,15,10,2
2025-10-15 05:00:00,28.1,33.9,94,5,15,10,2
2025-10-15 06:00:00,28.2,34.2,93,6,15,10,2
2025-10-15 07:00:00,30.7,36.9,92,7,15,10,2
2025-10-15 08:00:00,34.2,39.3,92,8,15,10,2
2025-10-15 09:00:00,31.0,37.8,91,9,15,10,2
2025-10-15 10:00:00,26.1,32.0,90,10,15,10,2
2025-10-15 11:00:00,21.7,26.1,89,11,15,10,2
2025-10-15 12:00:00,17.7,21.0,88,12,15,10,2
2025-10-15 13:00:00,17.5,20.3,88,13,15,10,2
2025-10-15 14:00:00,18.4,21.1,87,14,15,10,2
2025-10-15 15:00:00,19.6,22.3,86,15,15,10,2
2025-10-15 16:00:00,20.5,23.3,93,16,15,10,2
2025-10-15 17:00:00,25.4,28.6,118,17,15,10,2
2025-10-15 18:00:00,34.3,37.0,136,18,15,10,2
2025-10-15 19:00:00,38.6,41.6,140,19,15,10,2
2025-10-15 20:00:00,37.8,41.0,130,20,15,10,2
2025-10-15 21:00:00,37.8,41.0,111,21,15,10,2
2025-10-15 22:00:00,38.2,41.1,87,22,15,10,2
2025-10-15 23:00:00,38.2,41.0,87,23,15,10,2
2025-10-16 00:00:00,37.0,39.6,87,0,16,10,3
2025-10-16 01:00:00,34.0,36.3,87,1,16,10,3
2025-10-16 02:00:00,30.6,32.8,87,2,16,10,3
2025-10-16 03:00:00,27.6,29.9,87,3,16,10,3
2025-10-16 04:00:00,25.4,27.6,87,4,16,10,3
2025-10-16 05:00:00,26.7,28.8,86,5,16,10,3
2025-10-16 06:00:00,25.8,27.9,86,6,16,10,3
2025-10-16 07:00:00,28.5,30.6,86,7,16,10,3
2025-10-16 08:00:00,34.3,36.1,86,8,16,10,3
2025-10-16 09:00:00,31.0,33.6,86,9,16,10,3
2025-10-16 10:00:00,25.8,29.7,86,10,16,10,3
2025-10-16 11:00:00,19.2,23.1,86,11,16,10,3
2025-10-16 12:00:00,18.4,22.6,86,12,16,10,3
2025-10-16 13:00:00,19.2,23.7,86,13,16,10,3
2025-10-16 14:00:00,19.7,24.5,86,14,16,10,3
2025-10-16 15:00:00,20.1,25.0,86,15,16,10,3
2025-10-16 16:00:00,20.6,25.4,102,16,16,10,3
2025-10-16 17:00:00,21.7,25.7,128,17,16,10,3
2025-10-16 18:00:00,32.6,36.0,147,18,16,10,3
2025-10-16 19:00:00,38.0,40.9,151,19,16,10,3
2025-10-16 20:00:00,38.6,41.8,139,20,16,10,3
2025-10-16 21:00:00,39.9,43.7,117,21,16,10,3
2025-10-16 22:00:00,41.9,45.9,90,22,16,10,3
2025-10-16 23:00:00,44.2,48.5,86,23,16,10,3
2025-10-17 00:00:00,47.1,51.8,87,0,17,10,4
2025-10-17 01:00:00,47.8,52.6,87,1,17,10,4
2025-10-17 02:00:00,45.9,50.5,89,2,17,10,4
2025-10-17 03:00:00,41.7,46.2,90,3,17,10,4
2025-10-17 04:00:00,36.8,41.2,91,4,17,10,4
2025-10-17 05:00:00,33.5,38.0,92,5,17,10,4
2025-10-17 06:00:00,31.7,36.0,93,6,17,10,4
2025-10-17 07:00:00,34.1,38.3,93,7,17,10,4
2025-10-17 08:00:00,38.8,42.3,94,8,17,10,4
2025-10-17 09:00:00,36.0,40.6,94,9,17,10,4
2025-10-17 10:00:00,30.5,36.3,95,10,17,10,4
2025-10-17 11:00:00,24.8,31.2,95,11,17,10,4
2025-10-17 12:00:00,19.7,31.1,96,12,17,10,4
2025-10-17 13:00:00,19.3,32.0,96,13,17,10,4
2025-10-17 14:00:00,19.4,32.7,96,14,17,10,4
2025-10-17 15:00:00,19.7,33.4,96,15,17,10,4
2025-10-17 16:00:00,20.3,33.8,111,16,17,10,4
2025-10-17 17:00:00,17.7,28.2,136,17,17,10,4
2025-10-17 18:00:00,28.1,34.5,151,18,17,10,4
2025-10-17 19:00:00,32.8,36.9,153,19,17,10,4
2025-10-17 20:00:00,34.5,37.8,140,20,17,10,4
2025-10-17 21:00:00,36.6,39.8,118,21,17,10,4
2025-10-17 22:00:00,39.5,43.0,94,22,17,10,4
2025-10-17 23:00:00,43.2,47.3,94,23,17,10,4
2025-10-18 00:00:00,45.4,49.8,94,0,18,10,5
2025-10-18 01:00:00,43.8,48.1,93,1,18,10,5
2025-10-18 02:00:00,38.3,42.0,93,2,18,10,5
2025-10-18 03:00:00,32.9,36.8,92,3,18,10,5
2025-10-18 04:00:00,29.0,33.2,92,4,18,10,5
2025-10-18 05:00:00,29.8,34.0,91,5,18,10,5
2025-10-18 06:00:00,29.5,34.0,91,6,18,10,5
2025-10-18 07:00:00,33.8,38.3,90,7,18,10,5
2025-10-18 08:00:00,39.0,43.3,90,8,18,10,5
2025-10-18 09:00:00,39.2,44.2,90,9,18,10,5
2025-10-18 10:00:00,34.6,41.2,91,10,18,10,5
2025-10-18 11:00:00,27.3,35.7,91,11,18,10,5
2025-10-18 12:00:00,22.8,34.5,91,12,18,10,5
2025-10-18 13:00:00,23.4,35.2,92,13,18,10,5
2025-10-18 14:00:00,24.7,35.7,92,14,18,10,5
2025-10-18 15:00:00,25.7,36.2,92,15,18,10,5
2025-10-18 16:00:00,26.3,36.4,113,16,18,10,5
2025-10-18 17:00:00,24.2,30.4,141,17,18,10,5
2025-10-18 18:00:00,31.1,35.6,157,18,18,10,5
2025-10-18 19:00:00,34.0,38.2,159,19,18,10,5
2025-10-18 20:00:00,34.5,38.8,147,20,18,10,5
2025-10-18 21:00:00,34.9,39.5,122,21,18,10,5
2025-10-18 22:00:00,36.1,40.9,94,22,18,10,5
2025-10-18 23:00:00,37.6,42.3,94,23,18,10,5
2025-10-19 00:00:00,36.1,40.7,93,0,19,10,6
2025-10-19 01:00:00,32.6,37.6,93,1,19,10,6
2025-10-19 02:00:00,29.0,34.8,92,2,19,10,6
2025-10-19 03:00:00,26.1,33.2,91,3,19,10,6
2025-10-19 04:00:00,24.7,33.1,90,4,19,10,6
2025-10-19 05:00:00,24.8,33.1,90,5,19,10,6
2025-10-19 06:00:00,25.6,34.1,89,6,19,10,6
2025-10-19 07:00:00,31.0,39.5,89,7,19,10,6
2025-10-19 08:00:00,36.9,44.8,89,8,19,10,6
2025-10-19 09:00:00,35.0,45.5,89,9,19,10,6
2025-10-19 10:00:00,29.8,42.5,88,10,19,10,6
2025-10-19 11:00:00,25.3,36.2,88,11,19,10,6
2025-10-19 12:00:00,22.5,32.4,88,12,19,10,6
2025-10-19 13:00:00,21.3,31.5,88,13,19,10,6
2025-10-19 14:00:00,21.9,32.1,87,14,19,10,6
2025-10-19 15:00:00,22.5,32.5,87,15,19,10,6
2025-10-19 16:00:00,22.9,32.5,96,16,19,10,6
2025-10-19 17:00:00,22.3,30.0,120,17,19,10,6
2025-10-19 18:00:00,26.8,31.9,137,18,19,10,6
2025-10-19 19:00:00,28.0,32.2,139,19,19,10,6
2025-10-19 20:00:00,27.5,31.7,126,20,19,10,6
2025-10-19 21:00:00,28.2,32.4,103,21,19,10,6
2025-10-19 22:00:00,29.3,33.4,84,22,19,10,6
2025-10-19 23:00:00,29.5,33.6,84,23,19,10,6
2025-10-20 00:00:00,28.2,32.6,83,0,20,10,0
2025-10-20 01:00:00,26.3,30.7,82,1,20,10,0
2025-10-20 02:00:00,24.0,28.6,82,2,20,10,0
2025-10-20 03:00:00,21.2,26.0,81,3,20,10,0
2025-10-20 04:00:00,19.0,23.9,81,4,20,10,0
2025-10-20 05:00:00,18.4,23.3,80,5,20,10,0
2025-10-20 06:00:00,18.6,23.8,80,6,20,10,0
2025-10-20 07:00:00,23.5,28.9,79,7,20,10,0
2025-10-20 08:00:00,30.0,35.2,78,8,20,10,0
2025-10-20 09:00:00,31.2,37.4,78,9,20,10,0
2025-10-20 10:00:00,24.2,35.3,78,10,20,10,0
2025-10-20 11:00:00,21.4,34.0,77,11,20,10,0
2025-10-20 12:00:00,20.8,31.5,77,12,20,10,0
2025-10-20 13:00:00,20.0,28.8,77,13,20,10,0
2025-10-20 14:00:00,20.0,27.9,76,14,20,10,0
2025-10-20 15:00:00,20.0,27.6,76,15,20,10,0
2025-10-20 16:00:00,19.9,27.2,89,16,20,10,0
2025-10-20 17:00:00,18.8,23.6,112,17,20,10,0
2025-10-20 18:00:00,25.6,29.6,127,18,20,10,0
2025-10-20 19:00:00,26.9,31.4,128,19,20,10,0
2025-10-20 20:00:00,27.1,32.2,115,20,20,10,0
2025-10-20 21:00:00,27.9,33.6,92,21,20,10,0
2025-10-20 22:00:00,30.6,36.6,75,22,20,10,0
2025-10-20 23:00:00,35.0,40.7,75,23,20,10,0
2025-10-21 00:00:00,36.9,42.5,76,0,21,10,1
2025-10-21 01:00:00,34.5,40.4,77,1,21,10,1
2025-10-21 02:00:00,29.6,35.6,77,2,21,10,1
2025-10-21 03:00:00,24.3,30.5,78,3,21,10,1
2025-10-21 04:00:00,20.9,27.1,78,4,21,10,1
2025-10-21 05:00:00,18.9,24.6,78,5,21,10,1
2025-10-21 06:00:00,19.2,24.3,78,6,21,10,1
2025-10-21 07:00:00,23.4,27.5,78,7,21,10,1
2025-10-21 08:00:00,28.5,31.2,78,8,21,10,1
2025-10-21 09:00:00,29.9,32.4,78,9,21,10,1
2025-10-21 10:00:00,27.1,32.9,78,10,21,10,1
2025-10-21 11:00:00,26.8,35.3,78,11,21,10,1
2025-10-21 12:00:00,24.4,31.7,79,12,21,10,1
2025-10-21 13:00:00,23.9,31.2,79,13,21,10,1
2025-10-21 14:00:00,23.6,31.8,79,14,21,10,1
2025-10-21 15:00:00,23.1,32.1,80,15,21,10,1
2025-10-21 16:00:00,22.4,32.0,86,16,21,10,1
2025-10-21 17:00:00,21.2,30.3,109,17,21,10,1
2025-10-21 18:00:00,37.7,45.1,122,18,21,10,1
2025-10-21 19:00:00,49.9,56.5,119,19,21,10,1
2025-10-21 20:00:00,56.9,63.8,99,20,21,10,1
2025-10-21 21:00:00,67.3,74.7,86,21,21,10,1
2025-10-21 22:00:00,71.7,79.2,90,22,21,10,1
2025-10-21 23:00:00,68.7,75.7,93,23,21,10,1
2025-10-22 00:00:00,60.5,65.9,96,0,22,10,2
2025-10-22 01:00:00,49.2,54.0,98,1,22,10,2
2025-10-22 02:00:00,39.5,45.5,100,2,22,10,2
2025-10-22 03:00:00,34.9,42.8,101,3,22,10,2
2025-10-22 04:00:00,33.6,43.2,102,4,22,10,2
2025-10-22 05:00:00,34.7,44.1,103,5,22,10,2
2025-10-22 06:00:00,35.0,43.9,105,6,22,10,2
2025-10-22 07:00:00,37.1,45.6,106,7,22,10,2
2025-10-22 08:00:00,41.3,48.4,108,8,22,10,2
2025-10-22 09:00:00,39.8,48.8,109,9,22,10,2
2025-10-22 10:00:00,36.6,47.1,110,10,22,10,2
2025-10-22 11:00:00,30.7,41.4,111,11,22,10,2
2025-10-22 12:00:00,24.6,34.1,112,12,22,10,2
2025-10-22 13:00:00,23.0,31.1,112,13,22,10,2
2025-10-22 14:00:00,22.2,29.5,112,14,22,10,2
2025-10-22 15:00:00,21.9,29.0,111,15,22,10,2
2025-10-22 16:00:00,22.1,29.1,111,16,22,10,2
2025-10-22 17:00:00,27.2,34.5,115,17,22,10,2
2025-10-22 18:00:00,35.3,40.6,124,18,22,10,2
2025-10-22 19:00:00,40.4,44.9,122,19,22,10,2
2025-10-22 20:00:00,41.6,46.4,111,20,22,10,2
2025-10-22 21:00:00,42.5,48.1,109,21,22,10,2
2025-10-22 22:00:00,44.9,51.6,106,22,22,10,2
2025-10-22 23:00:00,49.5,57.0,104,23,22,10,2
2025-10-23 00:00:00,52.9,60.8,102,0,23,10,3
2025-10-23 01:00:00,52.4,59.4,101,1,23,10,3
2025-10-23 02:00:00,48.3,53.7,101,2,23,10,3
2025-10-23 03:00:00,41.1,46.3,102,3,23,10,3
2025-10-23 04:00:00,35.4,40.6,103,4,23,10,3
2025-10-23 05:00:00,34.1,39.7,103,5,23,10,3
2025-10-23 06:00:00,31.9,37.5,103,6,23,10,3
2025-10-23 07:00:00,34.0,39.7,103,7,23,10,3
2025-10-23 08:00:00,38.0,43.5,102,8,23,10,3
2025-10-23 09:00:00,41.1,46.7,102,9,23,10,3
2025-10-23 10:00:00,38.6,49.2,102,10,23,10,3
2025-10-23 11:00:00,35.5,56.7,102,11,23,10,3
2025-10-23 12:00:00,30.4,59.3,103,12,23,10,3
2025-10-23 13:00:00,26.9,53.8,103,13,23,10,3
2025-10-23 14:00:00,24.2,47.8,104,14,23,10,3
2025-10-23 15:00:00,22.3,43.2,104,15,23,10,3
2025-10-23 16:00:00,21.2,39.2,104,16,23,10,3
2025-10-23 17:00:00,15.7,27.6,123,17,23,10,3
2025-10-23 18:00:00,32.1,41.0,133,18,23,10,3
2025-10-23 19:00:00,45.5,54.0,128,19,23,10,3
2025-10-23 20:00:00,54.0,62.4,108,20,23,10,3
2025-10-23 21:00:00,59.1,66.8,104,21,23,10,3
2025-10-23 22:00:00,58.8,65.7,106,22,23,10,3
2025-10-23 23:00:00,57.0,63.1,107,23,23,10,3
2025-10-24 00:00:00,54.9,60.5,108,0,24,10,4
2025-10-24 01:00:00,52.3,57.3,108,1,24,10,4
2025-10-24 02:00:00,49.4,53.7,108,2,24,10,4
2025-10-24 03:00:00,45.8,49.1,108,3,24,10,4
2025-10-24 04:00:00,38.9,41.7,109,4,24,10,4
2025-10-24 05:00:00,34.2,36.9,109,5,24,10,4
2025-10-24 06:00:00,29.2,32.0,109,6,24,10,4
2025-10-24 07:00:00,31.8,34.5,109,7,24,10,4
2025-10-24 08:00:00,36.6,38.9,109,8,24,10,4
2025-10-24 09:00:00,36.6,39.1,109,9,24,10,4
2025-10-24 10:00:00,28.5,32.4,108,10,24,10,4
2025-10-24 11:00:00,22.5,28.5,107,11,24,10,4
2025-10-24 12:00:00,22.2,30.2,106,12,24,10,4
2025-10-24 13:00:00,22.2,31.7,105,13,24,10,4
2025-10-24 14:00:00,21.6,31.2,104,14,24,10,4
2025-10-24 15:00:00,20.6,29.7,104,15,24,10,4
2025-10-24 16:00:00,19.8,28.4,104,16,24,10,4
2025-10-24 17:00:00,18.2,25.1,131,17,24,10,4
2025-10-24 18:00:00,32.0,37.6,146,18,24,10,4
2025-10-24 19:00:00,44.1,49.2,142,19,24,10,4
2025-10-24 20:00:00,50.9,55.6,120,20,24,10,4
2025-10-24 21:00:00,55.4,59.8,104,21,24,10,4
2025-10-24 22:00:00,56.9,61.0,103,22,24,10,4
2025-10-24 23:00:00,56.3,60.3,103,23,24,10,4
2025-10-25 00:00:00,54.2,58.0,103,0,25,10,5
2025-10-25 01:00:00,49.6,53.0,103,1,25,10,5
2025-10-25 02:00:00,43.8,46.7,103,2,25,10,5
2025-10-25 03:00:00,36.4,39.1,102,3,25,10,5
2025-10-25 04:00:00,30.3,32.8,101,4,25,10,5
2025-10-25 05:00:00,25.3,28.0,100,5,25,10,5
2025-10-25 06:00:00,23.9,26.5,99,6,25,10,5
2025-10-25 07:00:00,27.0,29.6,99,7,25,10,5
2025-10-25 08:00:00,31.3,33.9,98,8,25,10,5
2025-10-25 09:00:00,35.2,37.5,98,9,25,10,5
2025-10-25 10:00:00,26.0,31.0,98,10,25,10,5
2025-10-25 11:00:00,17.8,21.4,98,11,25,10,5
2025-10-25 12:00:00,14.7,18.1,97,12,25,10,5
2025-10-25 13:00:00,15.0,19.3,97,13,25,10,5
2025-10-25 14:00:00,15.0,20.1,96,14,25,10,5
2025-10-25 15:00:00,14.7,20.3,95,15,25,10,5
2025-10-25 16:00:00,14.9,20.6,95,16,25,10,5
2025-10-25 17:00:00,18.0,24.6,113,17,25,10,5
2025-10-25 18:00:00,22.4,26.9,126,18,25,10,5
2025-10-25 19:00:00,25.2,28.9,124,19,25,10,5
2025-10-25 20:00:00,26.4,29.9,109,20,25,10,5
2025-10-25 21:00:00,27.6,31.2,90,21,25,10,5
2025-10-25 22:00:00,29.0,32.8,87,22,25,10,5
2025-10-25 23:00:00,29.7,33.8,85,23,25,10,5
2025-10-26 00:00:00,28.9,32.9,82,0,26,10,6
2025-10-26 01:00:00,26.9,30.9,80,1,26,10,6
2025-10-26 02:00:00,24.8,28.6,78,2,26,10,6
2025-10-26 03:00:00,23.0,26.6,76,3,26,10,6
2025-10-26 04:00:00,21.5,24.8,75,4,26,10,6
2025-10-26 05:00:00,21.0,24.0,74,5,26,10,6
2025-10-26 06:00:00,21.2,24.2,74,6,26,10,6
2025-10-26 07:00:00,24.4,27.0,74,7,26,10,6
2025-10-26 08:00:00,29.6,31.4,74,8,26,10,6
2025-10-26 09:00:00,29.3,31.7,73,9,26,10,6
2025-10-26 10:00:00,25.8,29.2,73,10,26,10,6
2025-10-26 11:00:00,16.0,18.2,73,11,26,10,6
2025-10-26 12:00:00,11.2,13.4,73,12,26,10,6
2025-10-26 13:00:00,10.5,12.9,72,13,26,10,6
2025-10-26 14:00:00,10.9,13.2,72,14,26,10,6
2025-10-26 15:00:00,11.6,14.1,72,15,26,10,6
2025-10-26 16:00:00,12.4,15.1,90,16,26,10,6
2025-10-26 17:00:00,23.4,28.0,107,17,26,10,6
2025-10-26 18:00:00,26.5,29.6,117,18,26,10,6
2025-10-26 19:00:00,29.2,31.9,116,19,26,10,6
2025-10-26 20:00:00,30.9,33.4,106,20,26,10,6
2025-10-26 21:00:00,30.7,33.2,90,21,26,10,6
2025-10-26 22:00:00,29.7,31.9,73,22,26,10,6
2025-10-26 23:00:00,28.1,30.0,73,23,26,10,6
2025-10-27 00:00:00,25.8,27.5,73,0,27,10,0
2025-10-27 01:00:00,24.2,25.8,73,1,27,10,0
2025-10-27 02:00:00,24.2,25.6,72,2,27,10,0
2025-10-27 03:00:00,24.8,26.7,72,3,27,10,0
2025-10-27 04:00:00,24.9,27.8,73,4,27,10,0
2025-10-27 05:00:00,24.9,29.1,73,5,27,10,0
2025-10-27 06:00:00,24.4,29.3,73,6,27,10,0
2025-10-27 07:00:00,25.7,31.0,74,7,27,10,0
2025-10-27 08:00:00,28.1,32.5,74,8,27,10,0
2025-10-27 09:00:00,26.7,32.6,74,9,27,10,0
2025-10-27 10:00:00,21.0,27.3,73,10,27,10,0
2025-10-27 11:00:00,19.0,24.0,73,11,27,10,0
2025-10-27 12:00:00,17.6,22.1,73,12,27,10,0
2025-10-27 13:00:00,16.8,21.6,74,13,27,10,0
2025-10-27 14:00:00,16.8,21.8,74,14,27,10,0
2025-10-27 15:00:00,17.0,21.9,75,15,27,10,0
2025-10-27 16:00:00,17.3,22.1,80,16,27,10,0
2025-10-27 17:00:00,28.9,35.2,96,17,27,10,0
2025-10-27 18:00:00,31.3,36.1,105,18,27,10,0
2025-10-27 19:00:00,32.7,36.8,104,19,27,10,0
2025-10-27 20:00:00,34.0,37.4,93,20,27,10,0
2025-10-27 21:00:00,32.6,35.4,77,21,27,10,0
2025-10-27 22:00:00,30.5,33.1,77,22,27,10,0
2025-10-27 23:00:00,29.8,32.2,77,23,27,10,0
2025-10-28 00:00:00,29.2,31.8,78,0,28,10,1
2025-10-28 01:00:00,28.5,31.1,78,1,28,10,1
2025-10-28 02:00:00,28.2,31.1,78,2,28,10,1
2025-10-28 03:00:00,28.9,32.2,79,3,28,10,1
2025-10-28 04:00:00,30.0,33.8,79,4,28,10,1
2025-10-28 05:00:00,30.6,34.2,79,5,28,10,1
2025-10-28 06:00:00,31.8,35.7,80,6,28,10,1
2025-10-28 07:00:00,34.2,38.6,81,7,28,10,1
2025-10-28 08:00:00,37.1,41.3,81,8,28,10,1
2025-10-28 09:00:00,38.1,44.9,82,9,28,10,1
2025-10-28 10:00:00,39.8,48.0,83,10,28,10,1
2025-10-28 11:00:00,39.6,47.0,85,11,28,10,1
2025-10-28 12:00:00,37.0,44.1,87,12,28,10,1
2025-10-28 13:00:00,31.9,39.7,88,13,28,10,1
2025-10-28 14:00:00,30.3,40.5,90,14,28,10,1
2025-10-28 15:00:00,31.0,43.2,91,15,28,10,1
2025-10-28 16:00:00,31.7,44.2,95,16,28,10,1
2025-10-28 17:00:00,32.5,44.1,112,17,28,10,1
2025-10-28 18:00:00,34.7,44.5,123,18,28,10,1
2025-10-28 19:00:00,36.2,45.8,126,19,28,10,1
2025-10-28 20:00:00,38.1,46.7,120,20,28,10,1
2025-10-28 21:00:00,40.7,47.7,109,21,28,10,1
2025-10-28 22:00:00,43.9,49.5,96,22,28,10,1
2025-10-28 23:00:00,47.6,52.2,97,23,28,10,1
2025-10-29 00:00:00,49.7,53.9,98,0,29,10,2
2025-10-29 01:00:00,49.7,54.0,100,1,29,10,2
2025-10-29 02:00:00,48.8,53.4,102,2,29,10,2
2025-10-29 03:00:00,47.4,52.5,104,3,29,10,2
2025-10-29 04:00:00,45.6,51.3,106,4,29,10,2
2025-10-29 05:00:00,47.3,53.1,108,5,29,10,2
2025-10-29 06:00:00,45.9,52.2,110,6,29,10,2
2025-10-29 07:00:00,46.7,53.3,111,7,29,10,2
2025-10-29 08:00:00,48.3,54.6,112,8,29,10,2
2025-10-29 09:00:00,47.0,55.8,114,9,29,10,2
2025-10-29 10:00:00,41.7,49.2,115,10,29,10,2
2025-10-29 11:00:00,36.1,41.6,115,11,29,10,2
2025-10-29 12:00:00,30.5,35.0,114,12,29,10,2
2025-10-29 13:00:00,25.7,28.9,114,13,29,10,2
2025-10-29 14:00:00,22.1,24.4,113,14,29,10,2
2025-10-29 15:00:00,19.2,21.0,112,15,29,10,2
2025-10-29 16:00:00,17.4,18.8,111,16,29,10,2
2025-10-29 17:00:00,21.1,22.9,109,17,29,10,2
2025-10-29 18:00:00,22.8,24.2,108,18,29,10,2
2025-10-29 19:00:00,23.1,24.4,107,19,29,10,2
2025-10-29 20:00:00,23.7,25.4,106,20,29,10,2
2025-10-29 21:00:00,25.2,27.2,104,21,29,10,2
2025-10-29 22:00:00,26.7,29.2,103,22,29,10,2
2025-10-29 23:00:00,28.9,32.0,101,23,29,10,2
2025-10-30 00:00:00,31.2,35.0,99,0,30,10,3
2025-10-30 01:00:00,32.6,36.8,97,1,30,10,3
2025-10-30 02:00:00,32.2,36.4,96,2,30,10,3
2025-10-30 03:00:00,31.1,35.4,94,3,30,10,3
2025-10-30 04:00:00,29.5,34.0,93,4,30,10,3
2025-10-30 05:00:00,35.3,40.2,91,5,30,10,3
2025-10-30 06:00:00,34.5,39.5,90,6,30,10,3
2025-10-30 07:00:00,35.2,40.3,89,7,30,10,3
2025-10-30 08:00:00,37.0,41.9,88,8,30,10,3
2025-10-30 09:00:00,34.9,42.3,87,9,30,10,3
2025-10-30 10:00:00,31.8,39.9,86,10,30,10,3
2025-10-30 11:00:00,27.4,31.8,85,11,30,10,3
2025-10-30 12:00:00,25.0,28.2,85,12,30,10,3
2025-10-30 13:00:00,24.2,27.3,84,13,30,10,3
2025-10-30 14:00:00,23.9,27.1,84,14,30,10,3
2025-10-30 15:00:00,24.3,27.8,84,15,30,10,3
2025-10-30 16:00:00,24.6,28.3,85,16,30,10,3
2025-10-30 17:00:00,28.4,32.1,85,17,30,10,3
2025-10-30 18:00:00,32.1,35.2,95,18,30,10,3
2025-10-30 19:00:00,34.9,38.2,95,19,30,10,3
2025-10-30 20:00:00,38.0,41.4,88,20,30,10,3
2025-10-30 21:00:00,40.6,44.1,89,21,30,10,3
2025-10-30 22:00:00,40.0,43.7,90,22,30,10,3
2025-10-30 23:00:00,37.4,41.1,92,23,30,10,3
2025-10-31 00:00:00,34.9,38.6,92,0,31,10,4
2025-10-31 01:00:00,34.0,38.1,93,1,31,10,4
2025-10-31 02:00:00,34.9,39.1,93,2,31,10,4
2025-10-31 03:00:00,36.3,40.7,93,3,31,10,4
2025-10-31 04:00:00,37.7,42.5,94,4,31,10,4
2025-10-31 05:00:00,39.0,44.5,94,5,31,10,4
2025-10-31 06:00:00,40.7,46.6,95,6,31,10,4
2025-10-31 07:00:00,44.5,50.8,95,7,31,10,4
2025-10-31 08:00:00,48.9,54.8,96,8,31,10,4
2025-10-31 09:00:00,49.7,58.4,97,9,31,10,4
2025-10-31 10:00:00,50.3,65.7,98,10,31,10,4
2025-10-31 11:00:00,50.5,79.4,100,11,31,10,4
2025-10-31 12:00:00,48.7,83.6,102,12,31,10,4
2025-10-31 13:00:00,47.4,76.6,105,13,31,10,4
2025-10-31 14:00:00,45.9,69.4,107,14,31,10,4
2025-10-31 15:00:00,44.0,63.3,110,15,31,10,4
2025-10-31 16:00:00,43.1,59.1,112,16,31,10,4
2025-10-31 17:00:00,53.9,73.6,114,17,31,10,4
2025-10-31 18:00:00,80.1,95.2,116,18,31,10,4
2025-10-31 19:00:00,93.1,107.1,121,19,31,10,4
2025-10-31 20:00:00,93.6,106.9,127,20,31,10,4
2025-10-31 21:00:00,95.7,107.8,133,21,31,10,4
2025-10-31 22:00:00,95.0,105.2,139,22,31,10,4
2025-10-31 23:00:00,95.5,105.0,145,23,31,10,4
2025-11-01 00:00:00,96.4,106.4,150,0,1,11,5
2025-11-01 01:00:00,95.7,105.2,151,1,1,11,5
2025-11-01 02:00:00,91.3,98.3,153,2,1,11,5
2025-11-01 03:00:00,82.0,88.5,154,3,1,11,5
2025-11-01 04:00:00,74.5,81.3,155,4,1,11,5
2025-11-01 05:00:00,70.1,77.1,156,5,1,11,5
2025-11-01 06:00:00,68.9,75.7,157,6,1,11,5
2025-11-01 07:00:00,73.8,80.3,157,7,1,11,5
2025-11-01 08:00:00,81.5,86.8,158,8,1,11,5
2025-11-01 09:00:00,82.0,88.2,159,9,1,11,5
2025-11-01 10:00:00,69.8,81.5,159,10,1,11,5
2025-11-01 11:00:00,62.6,80.8,160,11,1,11,5
2025-11-01 12:00:00,59.4,78.5,160,12,1,11,5
2025-11-01 13:00:00,55.8,72.6,160,13,1,11,5
2025-11-01 14:00:00,52.0,66.6,160,14,1,11,5
2025-11-01 15:00:00,49.5,62.6,160,15,1,11,5
2025-11-01 16:00:00,47.7,59.8,161,16,1,11,5
2025-11-01 17:00:00,53.4,65.0,161,17,1,11,5
2025-11-01 18:00:00,71.5,79.2,161,18,1,11,5
2025-11-01 19:00:00,73.3,80.3,160,19,1,11,5
2025-11-01 20:00:00,73.1,80.1,160,20,1,11,5
2025-11-01 21:00:00,77.8,85.4,160,21,1,11,5
2025-11-01 22:00:00,86.1,94.3,159,22,1,11,5
2025-11-01 23:00:00,89.9,97.8,159,23,1,11,5
2025-11-02 00:00:00,88.0,95.0,159,0,2,11,6
2025-11-02 01:00:00,84.5,91.0,159,1,2,11,6
2025-11-02 02:00:00,81.0,87.1,158,2,2,11,6
2025-11-02 03:00:00,75.0,80.3,158,3,2,11,6
2025-11-02 04:00:00,65.2,70.5,158,4,2,11,6
2025-11-02 05:00:00,61.7,66.8,158,5,2,11,6
2025-11-02 06:00:00,58.2,63.1,158,6,2,11,6
2025-11-02 07:00:00,62.4,67.1,157,7,2,11,6
2025-11-02 08:00:00,67.8,72.2,157,8,2,11,6
2025-11-02 09:00:00,66.8,71.7,157,9,2,11,6
2025-11-02 10:00:00,53.9,62.2,157,10,2,11,6
2025-11-02 11:00:00,39.1,46.4,156,11,2,11,6
2025-11-02 12:00:00,34.1,40.0,156,12,2,11,6
2025-11-02 13:00:00,34.8,40.5,155,13,2,11,6
2025-11-02 14:00:00,36.6,42.4,155,14,2,11,6
2025-11-02 15:00:00,38.1,44.0,154,15,2,11,6
2025-11-02 16:00:00,39.2,45.3,154,16,2,11,6
2025-11-02 17:00:00,43.3,49.4,154,17,2,11,6
2025-11-02 18:00:00,49.2,55.1,154,18,2,11,6
2025-11-02 19:00:00,49.7,56.7,153,19,2,11,6
2025-11-02 20:00:00,48.2,56.5,153,20,2,11,6
2025-11-02 21:00:00,47.3,56.3,152,21,2,11,6
2025-11-02 22:00:00,46.9,56.7,151,22,2,11,6
2025-11-02 23:00:00,46.6,56.8,151,23,2,11,6
2025-11-03 00:00:00,45.1,55.3,148,0,3,11,0
2025-11-03 01:00:00,41.9,52.4,144,1,3,11,0
2025-11-03 02:00:00,38.3,48.9,140,2,3,11,0
2025-11-03 03:00:00,34.3,45.9,135,3,3,11,0
2025-11-03 04:00:00,31.4,44.4,131,4,3,11,0
2025-11-03 05:00:00,28.8,42.0,127,5,3,11,0
2025-11-03 06:00:00,29.2,44.6,124,6,3,11,0
2025-11-03 07:00:00,34.6,51.3,121,7,3,11,0
2025-11-03 08:00:00,40.0,56.5,118,8,3,11,0
2025-11-03 09:00:00,36.0,63.3,115,9,3,11,0
2025-11-03 10:00:00,34.5,67.1,112,10,3,11,0
2025-11-03 11:00:00,33.1,68.2,110,11,3,11,0
2025-11-03 12:00:00,31.3,67.8,109,12,3,11,0
2025-11-03 13:00:00,30.5,67.3,109,13,3,11,0
2025-11-03 14:00:00,30.6,68.0,109,14,3,11,0
2025-11-03 15:00:00,30.6,68.2,108,15,3,11,0
2025-11-03 16:00:00,30.4,66.6,107,16,3,11,0
2025-11-03 17:00:00,28.1,58.8,106,17,3,11,0
2025-11-03 18:00:00,29.6,54.0,105,18,3,11,0
2025-11-03 19:00:00,31.7,54.6,103,19,3,11,0
2025-11-03 20:00:00,32.1,54.1,101,20,3,11,0
2025-11-03 21:00:00,31.7,52.9,99,21,3,11,0
2025-11-03 22:00:00,31.1,51.9,98,22,3,11,0
2025-11-03 23:00:00,31.2,51.7,96,23,3,11,0
2025-11-04 00:00:00,30.6,52.2,95,0,4,11,1
2025-11-04 01:00:00,28.2,49.1,94,1,4,11,1
2025-11-04 02:00:00,26.7,46.2,93,2,4,11,1
2025-11-04 03:00:00,26.8,45.9,92,3,4,11,1
2025-11-04 04:00:00,28.6,46.9,91,4,4,11,1
2025-11-04 05:00:00,25.3,39.7,91,5,4,11,1
2025-11-04 06:00:00,26.4,41.1,90,6,4,11,1
2025-11-04 07:00:00,30.6,44.4,90,7,4,11,1
2025-11-04 08:00:00,34.8,46.6,90,8,4,11,1
2025-11-04 09:00:00,33.1,46.9,89,9,4,11,1
2025-11-04 10:00:00,29.6,49.4,89,10,4,11,1
2025-11-04 11:00:00,25.3,49.4,89,11,4,11,1
2025-11-04 12:00:00,23.3,50.8,88,12,4,11,1
2025-11-04 13:00:00,23.9,48.3,87,13,4,11,1
2025-11-04 14:00:00,23.7,45.1,87,14,4,11,1
2025-11-04 15:00:00,23.2,42.7,86,15,4,11,1
2025-11-04 16:00:00,22.9,41.4,85,16,4,11,1
2025-11-04 17:00:00,21.0,29.6,85,17,4,11,1
2025-11-04 18:00:00,29.5,38.2,84,18,4,11,1
2025-11-04 19:00:00,32.7,43.2,84,19,4,11,1
2025-11-04 20:00:00,33.6,47.1,84,20,4,11,1
2025-11-04 21:00:00,33.2,48.2,84,21,4,11,1
2025-11-04 22:00:00,30.9,44.0,84,22,4,11,1
2025-11-04 23:00:00,29.0,44.6,84,23,4,11,1
2025-11-05 00:00:00,29.9,50.3,84,0,5,11,2
2025-11-05 01:00:00,30.2,49.2,84,1,5,11,2
2025-11-05 02:00:00,28.3,41.2,84,2,5,11,2
2025-11-05 03:00:00,25.2,31.4,84,3,5,11,2
2025-11-05 04:00:00,21.9,24.6,84,4,5,11,2
2025-11-05 05:00:00,21.1,28.0,84,5,5,11,2
2025-11-05 06:00:00,19.6,24.0,83,6,5,11,2
2025-11-05 07:00:00,22.7,26.2,83,7,5,11,2
2025-11-05 08:00:00,26.9,30.0,82,8,5,11,2
2025-11-05 09:00:00,28.6,32.2,81,9,5,11,2
2025-11-05 10:00:00,26.0,33.9,81,10,5,11,2
2025-11-05 11:00:00,19.7,34.9,81,11,5,11,2
2025-11-05 12:00:00,20.8,43.0,80,12,5,11,2
2025-11-05 13:00:00,20.5,42.6,80,13,5,11,2
2025-11-05 14:00:00,20.4,42.1,80,14,5,11,2
2025-11-05 15:00:00,20.6,42.3,79,15,5,11,2
2025-11-05 16:00:00,21.0,42.0,79,16,5,11,2
2025-11-05 17:00:00,22.3,41.2,79,17,5,11,2
2025-11-05 18:00:00,44.2,57.5,79,18,5,11,2
2025-11-05 19:00:00,54.2,64.3,80,19,5,11,2
2025-11-05 20:00:00,54.4,65.2,82,20,5,11,2
2025-11-05 21:00:00,56.3,68.7,84,21,5,11,2
2025-11-05 22:00:00,61.9,76.6,86,22,5,11,2
2025-11-05 23:00:00,67.3,83.4,89,23,5,11,2
2025-11-06 00:00:00,69.2,84.3,92,0,6,11,3
2025-11-06 01:00:00,65.7,78.2,96,1,6,11,3
2025-11-06 02:00:00,60.1,69.8,99,2,6,11,3
2025-11-06 03:00:00,55.3,63.1,102,3,6,11,3
2025-11-06 04:00:00,50.8,57.3,105,4,6,11,3
2025-11-06 05:00:00,53.7,63.6,108,5,6,11,3
2025-11-06 06:00:00,49.9,57.7,111,6,6,11,3
2025-11-06 07:00:00,56.5,63.8,115,7,6,11,3
2025-11-06 08:00:00,69.2,74.5,118,8,6,11,3
2025-11-06 09:00:00,62.2,72.2,123,9,6,11,3
2025-11-06 10:00:00,50.6,71.0,126,10,6,11,3
2025-11-06 11:00:00,46.4,70.1,129,11,6,11,3
2025-11-06 12:00:00,40.7,65.0,131,12,6,11,3
2025-11-06 13:00:00,36.3,57.5,133,13,6,11,3
2025-11-06 14:00:00,35.9,55.1,135,14,6,11,3
2025-11-06 15:00:00,36.1,54.5,137,15,6,11,3
2025-11-06 16:00:00,36.1,54.1,138,16,6,11,3
2025-11-06 17:00:00,44.6,61.5,140,17,6,11,3
2025-11-06 18:00:00,52.4,67.3,142,18,6,11,3
2025-11-06 19:00:00,54.0,70.1,144,19,6,11,3
2025-11-06 20:00:00,53.9,72.4,143,20,6,11,3
2025-11-06 21:00:00,53.9,74.3,143,21,6,11,3
2025-11-06 22:00:00,56.6,78.5,143,22,6,11,3
2025-11-06 23:00:00,61.5,85.7,142,23,6,11,3
2025-11-07 00:00:00,63.3,86.6,142,0,7,11,4
2025-11-07 01:00:00,60.5,81.7,141,1,7,11,4
2025-11-07 02:00:00,55.3,77.1,140,2,7,11,4
2025-11-07 03:00:00,50.5,73.3,140,3,7,11,4
2025-11-07 04:00:00,46.3,70.3,139,4,7,11,4
2025-11-07 05:00:00,41.2,63.8,139,5,7,11,4
2025-11-07 06:00:00,40.5,62.4,138,6,7,11,4
2025-11-07 07:00:00,45.2,65.9,137,7,7,11,4
2025-11-07 08:00:00,51.8,70.5,136,8,7,11,4
2025-11-07 09:00:00,51.5,75.2,134,9,7,11,4
2025-11-07 10:00:00,49.2,81.0,133,10,7,11,4
2025-11-07 11:00:00,41.1,65.2,132,11,7,11,4
2025-11-07 12:00:00,31.2,46.1,132,12,7,11,4
2025-11-07 13:00:00,31.2,45.3,131,13,7,11,4
2025-11-07 14:00:00,32.7,46.9,130,14,7,11,4
2025-11-07 15:00:00,34.0,48.1,130,15,7,11,4
2025-11-07 16:00:00,34.8,48.7,130,16,7,11,4
2025-11-07 17:00:00,34.2,45.1,130,17,7,11,4
2025-11-07 18:00:00,40.5,51.5,129,18,7,11,4
2025-11-07 19:00:00,41.9,53.8,127,19,7,11,4
2025-11-07 20:00:00,42.3,54.1,126,20,7,11,4
2025-11-07 21:00:00,42.5,54.1,125,21,7,11,4
2025-11-07 22:00:00,42.8,54.4,124,22,7,11,4
2025-11-07 23:00:00,43.5,55.1,122,23,7,11,4
2025-11-08 00:00:00,43.5,55.1,120,0,8,11,5
2025-11-08 01:00:00,42.4,54.1,118,1,8,11,5
2025-11-08 02:00:00,41.0,52.6,116,2,8,11,5
2025-11-08 03:00:00,39.2,49.8,115,3,8,11,5
2025-11-08 04:00:00,37.7,47.7,114,4,8,11,5
2025-11-08 05:00:00,39.0,49.8,113,5,8,11,5
2025-11-08 06:00:00,41.0,52.5,113,6,8,11,5
2025-11-08 07:00:00,50.4,63.1,113,7,8,11,5
2025-11-08 08:00:00,56.3,67.3,113,8,8,11,5
2025-11-08 09:00:00,51.9,62.9,114,9,8,11,5
2025-11-08 10:00:00,44.8,58.6,114,10,8,11,5
2025-11-08 11:00:00,39.2,51.7,113,11,8,11,5
2025-11-08 12:00:00,35.0,46.4,113,12,8,11,5
2025-11-08 13:00:00,34.1,45.4,114,13,8,11,5
2025-11-08 14:00:00,33.6,45.3,114,14,8,11,5
2025-11-08 15:00:00,32.7,45.5,114,15,8,11,5
2025-11-08 16:00:00,31.9,46.7,114,16,8,11,5
2025-11-08 17:00:00,36.6,52.3,113,17,8,11,5
2025-11-08 18:00:00,41.6,54.7,114,18,8,11,5
2025-11-08 19:00:00,45.5,59.5,114,19,8,11,5
2025-11-08 20:00:00,47.5,63.1,114,20,8,11,5
2025-11-08 21:00:00,48.4,65.4,115,21,8,11,5
2025-11-08 22:00:00,50.8,70.3,115,22,8,11,5
2025-11-08 23:00:00,54.6,78.2,116,23,8,11,5
2025-11-09 00:00:00,56.0,83.8,117,0,9,11,6
2025-11-09 01:00:00,53.8,83.8,119,1,9,11,6
2025-11-09 02:00:00,49.1,78.2,120,2,9,11,6
2025-11-09 03:00:00,44.6,72.6,121,3,9,11,6
2025-11-09 04:00:00,42.3,71.9,121,4,9,11,6
2025-11-09 05:00:00,48.5,84.1,122,5,9,11,6
2025-11-09 06:00:00,53.4,89.6,123,6,9,11,6
2025-11-09 07:00:00,66.4,103.1,124,7,9,11,6
2025-11-09 08:00:00,82.9,112.9,126,8,9,11,6
2025-11-09 09:00:00,55.3,91.5,128,9,9,11,6
2025-11-09 10:00:00,41.6,82.2,129,10,9,11,6
2025-11-09 11:00:00,37.7,75.0,128,11,9,11,6
2025-11-09 12:00:00,35.6,68.5,128,12,9,11,6
2025-11-09 13:00:00,33.4,62.2,128,13,9,11,6
2025-11-09 14:00:00,31.8,58.4,128,14,9,11,6
2025-11-09 15:00:00,30.3,55.5,128,15,9,11,6
2025-11-09 16:00:00,28.4,52.5,128,16,9,11,6
2025-11-09 17:00:00,28.2,50.4,128,17,9,11,6
2025-11-09 18:00:00,30.9,48.9,127,18,9,11,6
2025-11-09 19:00:00,34.3,49.8,126,19,9,11,6
2025-11-09 20:00:00,35.7,50.4,124,20,9,11,6
2025-11-09 21:00:00,37.4,51.6,123,21,9,11,6
2025-11-09 22:00:00,41.2,57.0,122,22,9,11,6
2025-11-09 23:00:00,46.2,64.0,121,23,9,11,6
2025-11-10 00:00:00,48.7,67.8,120,0,10,11,0
2025-11-10 01:00:00,48.1,68.2,119,1,10,11,0
2025-11-10 02:00:00,44.6,64.3,119,2,10,11,0
2025-11-10 03:00:00,38.9,56.2,118,3,10,11,0
2025-11-10 04:00:00,32.8,47.3,118,4,10,11,0
2025-11-10 05:00:00,30.4,46.3,117,5,10,11,0
2025-11-10 06:00:00,33.9,51.1,115,6,10,11,0
2025-11-10 07:00:00,44.7,62.4,113,7,10,11,0
2025-11-10 08:00:00,57.3,70.8,111,8,10,11,0
2025-11-10 09:00:00,37.0,51.5,108,9,10,11,0
2025-11-10 10:00:00,27.1,43.9,106,10,10,11,0
2025-11-10 11:00:00,26.4,41.9,104,11,10,11,0
2025-11-10 12:00:00,25.6,38.9,103,12,10,11,0
2025-11-10 13:00:00,24.9,36.4,102,13,10,11,0
2025-11-10 14:00:00,24.7,35.9,101,14,10,11,0
2025-11-10 15:00:00,23.8,34.5,101,15,10,11,0
2025-11-10 16:00:00,22.5,32.8,100,16,10,11,0
2025-11-10 17:00:00,21.9,30.9,99,17,10,11,0
2025-11-10 18:00:00,26.0,33.1,99,18,10,11,0
2025-11-10 19:00:00,31.0,37.3,98,19,10,11,0
2025-11-10 20:00:00,34.7,41.0,98,20,10,11,0
2025-11-10 21:00:00,39.6,46.7,98,21,10,11,0
2025-11-10 22:00:00,45.4,53.8,98,22,10,11,0
2025-11-10 23:00:00,50.3,59.6,99,23,10,11,0
2025-11-11 00:00:00,52.2,62.2,99,0,11,11,1
2025-11-11 01:00:00,51.9,62.6,99,1,11,11,1
2025-11-11 02:00:00,50.9,61.9,100,2,11,11,1
2025-11-11 03:00:00,51.1,61.5,100,3,11,11,1
2025-11-11 04:00:00,50.6,60.8,101,4,11,11,1
2025-11-11 05:00:00,50.5,60.8,103,5,11,11,1
2025-11-11 06:00:00,56.3,64.5,105,6,11,11,1
2025-11-11 07:00:00,68.0,74.5,108,7,11,11,1
2025-11-11 08:00:00,82.7,86.6,110,8,11,11,1
2025-11-11 09:00:00,48.9,57.9,113,9,11,11,1
2025-11-11 10:00:00,29.3,41.8,114,10,11,11,1
2025-11-11 11:00:00,25.6,34.0,114,11,11,11,1
2025-11-11 12:00:00,26.4,33.4,114,12,11,11,1
2025-11-11 13:00:00,27.1,33.4,114,13,11,11,1
2025-11-11 14:00:00,27.5,33.4,115,14,11,11,1
2025-11-11 15:00:00,27.3,33.1,115,15,11,11,1
2025-11-11 16:00:00,26.5,32.0,115,16,11,11,1
2025-11-11 17:00:00,22.8,27.8,116,17,11,11,1
2025-11-11 18:00:00,26.8,31.0,116,18,11,11,1
2025-11-11 19:00:00,31.1,34.8,116,19,11,11,1
2025-11-11 20:00:00,32.8,36.6,116,20,11,11,1
2025-11-11 21:00:00,36.1,40.7,116,21,11,11,1
2025-11-11 22:00:00,40.9,46.4,115,22,11,11,1
2025-11-11 23:00:00,46.1,52.3,115,23,11,11,1
2025-11-12 00:00:00,48.7,55.4,114,0,12,11,2
2025-11-12 01:00:00,46.6,53.6,114,1,12,11,2
2025-11-12 02:00:00,42.0,48.8,113,2,12,11,2
2025-11-12 03:00:00,35.4,41.1,112,3,12,11,2
2025-11-12 04:00:00,29.6,35.0,111,4,12,11,2
2025-11-12 05:00:00,31.8,39.0,109,5,12,11,2
2025-11-12 06:00:00,33.5,39.8,107,6,12,11,2
2025-11-12 07:00:00,42.5,49.1,104,7,12,11,2
2025-11-12 08:00:00,49.2,55.1,102,8,12,11,2
2025-11-12 09:00:00,33.1,42.0,98,9,12,11,2
2025-11-12 10:00:00,22.7,32.9,97,10,12,11,2
2025-11-12 11:00:00,21.9,29.3,96,11,12,11,2
2025-11-12 12:00:00,23.3,29.5,96,12,12,11,2
2025-11-12 13:00:00,24.2,30.4,96,13,12,11,2
2025-11-12 14:00:00,25.1,31.9,96,14,12,11,2
2025-11-12 15:00:00,25.5,32.6,95,15,12,11,2
2025-11-12 16:00:00,25.0,32.2,95,16,12,11,2
2025-11-12 17:00:00,24.2,30.2,95,17,12,11,2
2025-11-12 18:00:00,26.7,32.1,104,18,12,11,2
2025-11-12 19:00:00,26.5,32.2,109,19,12,11,2
2025-11-12 20:00:00,26.3,32.1,98,20,12,11,2
2025-11-12 21:00:00,26.8,32.9,94,21,12,11,2
2025-11-12 22:00:00,28.0,34.5,93,22,12,11,2
2025-11-12 23:00:00,30.7,37.8,92,23,12,11,2
2025-11-13 00:00:00,33.2,41.3,91,0,13,11,3
2025-11-13 01:00:00,31.8,40.0,90,1,13,11,3
2025-11-13 02:00:00,27.6,36.0,88,2,13,11,3
2025-11-13 03:00:00,24.0,33.4,87,3,13,11,3
2025-11-13 04:00:00,21.7,32.2,86,4,13,11,3
2025-11-13 05:00:00,23.9,35.9,85,5,13,11,3
2025-11-13 06:00:00,26.1,39.1,85,6,13,11,3
2025-11-13 07:00:00,33.9,46.7,84,7,13,11,3
2025-11-13 08:00:00,38.4,50.2,83,8,13,11,3
2025-11-13 09:00:00,32.4,46.3,82,9,13,11,3
2025-11-13 10:00:00,22.9,42.7,82,10,13,11,3
2025-11-13 11:00:00,22.2,37.4,82,11,13,11,3
2025-11-13 12:00:00,24.0,36.4,82,12,13,11,3
2025-11-13 13:00:00,24.3,37.1,82,13,13,11,3
2025-11-13 14:00:00,24.8,37.8,82,14,13,11,3
2025-11-13 15:00:00,25.1,38.1,82,15,13,11,3
2025-11-13 16:00:00,25.6,38.0,82,16,13,11,3
2025-11-13 17:00:00,24.2,32.6,97,17,13,11,3
2025-11-13 18:00:00,30.9,37.6,119,18,13,11,3
2025-11-13 19:00:00,30.3,37.0,125,19,13,11,3
2025-11-13 20:00:00,27.9,34.8,116,20,13,11,3
2025-11-13 21:00:00,26.7,33.8,97,21,13,11,3
2025-11-13 22:00:00,27.6,34.8,83,22,13,11,3
2025-11-13 23:00:00,29.8,37.0,83,23,13,11,3
2025-11-14 00:00:00,31.7,38.4,83,0,14,11,4
2025-11-14 01:00:00,32.1,38.5,83,1,14,11,4
2025-11-14 02:00:00,31.8,38.1,83,2,14,11,4
2025-11-14 03:00:00,30.7,37.1,83,3,14,11,4
2025-11-14 04:00:00,29.3,35.6,84,4,14,11,4
2025-11-14 05:00:00,30.6,37.4,84,5,14,11,4
2025-11-14 06:00:00,31.4,37.4,85,6,14,11,4
2025-11-14 07:00:00,39.2,44.7,86,7,14,11,4
2025-11-14 08:00:00,50.5,55.3,86,8,14,11,4
2025-11-14 09:00:00,39.2,47.0,87,9,14,11,4
2025-11-14 10:00:00,25.3,37.4,88,10,14,11,4
2025-11-14 11:00:00,20.8,31.9,88,11,14,11,4
2025-11-14 12:00:00,18.3,27.5,88,12,14,11,4
2025-11-14 13:00:00,17.7,25.6,87,13,14,11,4
2025-11-14 14:00:00,18.1,25.6,87,14,14,11,4
2025-11-14 15:00:00,18.5,26.0,86,15,14,11,4
2025-11-14 16:00:00,18.7,26.4,85,16,14,11,4
2025-11-14 17:00:00,17.0,22.6,85,17,14,11,4
2025-11-14 18:00:00,27.0,31.9,101,18,14,11,4
2025-11-14 19:00:00,27.0,32.6,107,19,14,11,4
2025-11-14 20:00:00,25.1,31.7,98,20,14,11,4
2025-11-14 21:00:00,25.0,32.2,83,21,14,11,4
2025-11-14 22:00:00,27.1,34.6,83,22,14,11,4
2025-11-14 23:00:00,31.4,38.8,83,23,14,11,4
2025-11-15 00:00:00,34.9,40.7,83,0,15,11,5
2025-11-15 01:00:00,34.1,38.6,84,1,15,11,5
2025-11-15 02:00:00,31.5,35.4,84,2,15,11,5
2025-11-15 03:00:00,28.9,32.2,84,3,15,11,5
2025-11-15 04:00:00,26.4,29.3,84,4,15,11,5
2025-11-15 05:00:00,29.7,34.0,83,5,15,11,5
2025-11-15 06:00:00,30.0,34.0,83,6,15,11,5
2025-11-15 07:00:00,38.3,42.3,83,7,15,11,5
2025-11-15 08:00:00,51.1,54.5,83,8,15,11,5
2025-11-15 09:00:00,42.0,48.1,83,9,15,11,5
2025-11-15 10:00:00,25.0,37.5,83,10,15,11,5
2025-11-15 11:00:00,19.4,29.3,83,11,15,11,5
2025-11-15 12:00:00,18.1,25.3,83,12,15,11,5
2025-11-15 13:00:00,18.9,25.1,83,13,15,11,5
2025-11-15 14:00:00,20.4,26.4,83,14,15,11,5
2025-11-15 15:00:00,21.3,27.2,83,15,15,11,5
2025-11-15 16:00:00,21.4,27.2,84,16,15,11,5
2025-11-15 17:00:00,19.1,22.3,84,17,15,11,5
2025-11-15 18:00:00,31.1,33.3,102,18,15,11,5
2025-11-15 19:00:00,30.4,32.4,109,19,15,11,5
2025-11-15 20:00:00,29.9,31.8,100,20,15,11,5
2025-11-15 21:00:00,31.1,32.8,85,21,15,11,5
2025-11-15 22:00:00,34.9,36.7,86,22,15,11,5
2025-11-15 23:00:00,41.9,43.4,86,23,15,11,5
2025-11-16 00:00:00,42.8,44.0,87,0,16,11,6
2025-11-16 01:00:00,36.7,37.6,88,1,16,11,6
2025-11-16 02:00:00,31.5,32.4,88,2,16,11,6
2025-11-16 03:00:00,27.8,28.6,88,3,16,11,6
2025-11-16 04:00:00,24.7,25.5,88,4,16,11,6
2025-11-16 05:00:00,24.9,25.5,88,5,16,11,6
2025-11-16 06:00:00,23.9,24.4,88,6,16,11,6
2025-11-16 07:00:00,28.9,29.5,87,7,16,11,6
2025-11-16 08:00:00,34.3,34.8,86,8,16,11,6
2025-11-16 09:00:00,35.9,36.3,85,9,16,11,6
2025-11-16 10:00:00,25.2,26.1,84,10,16,11,6
2025-11-16 11:00:00,18.1,18.9,84,11,16,11,6
2025-11-16 12:00:00,15.8,16.5,84,12,16,11,6
2025-11-16 13:00:00,16.8,17.4,84,13,16,11,6
2025-11-16 14:00:00,17.7,18.3,84,14,16,11,6
2025-11-16 15:00:00,18.2,18.9,84,15,16,11,6
2025-11-16 16:00:00,18.4,19.0,83,16,16,11,6
2025-11-16 17:00:00,15.5,15.8,102,17,16,11,6
2025-11-16 18:00:00,32.9,33.2,121,18,16,11,6
2025-11-16 19:00:00,44.4,44.6,122,19,16,11,6
2025-11-16 20:00:00,48.3,48.4,106,20,16,11,6
2025-11-16 21:00:00,51.6,51.7,86,21,16,11,6
2025-11-16 22:00:00,53.9,54.1,88,22,16,11,6
2025-11-16 23:00:00,54.1,54.4,89,23,16,11,6
2025-11-17 00:00:00,50.8,51.1,90,0,17,11,0
2025-11-17 01:00:00,45.2,45.4,91,1,17,11,0
2025-11-17 02:00:00,40.2,40.5,92,2,17,11,0
2025-11-17 03:00:00,35.5,35.9,93,3,17,11,0
2025-11-17 04:00:00,30.3,30.5,93,4,17,11,0
2025-11-17 05:00:00,29.7,30.0,94,5,17,11,0
2025-11-17 06:00:00,27.4,27.6,94,6,17,11,0
2025-11-17 07:00:00,32.9,33.3,94,7,17,11,0
2025-11-17 08:00:00,42.4,42.6,95,8,17,11,0
2025-11-17 09:00:00,40.0,40.4,95,9,17,11,0
2025-11-17 10:00:00,28.8,29.4,96,10,17,11,0
2025-11-17 11:00:00,19.0,19.5,96,11,17,11,0
2025-11-17 12:00:00,18.6,19.0,96,12,17,11,0
2025-11-17 13:00:00,20.5,20.8,97,13,17,11,0
2025-11-17 14:00:00,22.5,22.9,97,14,17,11,0
2025-11-17 15:00:00,24.6,25.1,97,15,17,11,0
2025-11-17 16:00:00,26.3,26.7,98,16,17,11,0
2025-11-17 17:00:00,27.0,27.4,119,17,17,11,0
2025-11-17 18:00:00,44.9,45.4,147,18,17,11,0
2025-11-17 19:00:00,44.9,45.5,156,19,17,11,0
2025-11-17 20:00:00,42.6,43.4,148,20,17,11,0
2025-11-17 21:00:00,41.1,42.3,125,21,17,11,0
2025-11-17 22:00:00,41.3,42.7,99,22,17,11,0
2025-11-17 23:00:00,43.5,45.3,98,23,17,11,0
2025-11-18 00:00:00,45.5,47.6,97,0,18,11,1
2025-11-18 01:00:00,46.3,48.7,97,1,18,11,1
2025-11-18 02:00:00,47.3,49.7,97,2,18,11,1
2025-11-18 03:00:00,47.5,49.7,97,3,18,11,1
2025-11-18 04:00:00,44.5,46.4,98,4,18,11,1
2025-11-18 05:00:00,48.1,50.3,100,5,18,11,1
2025-11-18 06:00:00,47.3,49.2,102,6,18,11,1
2025-11-18 07:00:00,52.7,54.5,104,7,18,11,1
2025-11-18 08:00:00,59.3,60.8,106,8,18,11,1
2025-11-18 09:00:00,46.1,48.4,108,9,18,11,1
2025-11-18 10:00:00,32.0,36.1,108,10,18,11,1
2025-11-18 11:00:00,29.5,32.4,108,11,18,11,1
2025-11-18 12:00:00,28.9,31.0,110,12,18,11,1
2025-11-18 13:00:00,29.4,31.2,111,13,18,11,1
2025-11-18 14:00:00,30.4,32.2,112,14,18,11,1
2025-11-18 15:00:00,31.3,33.2,112,15,18,11,1
2025-11-18 16:00:00,31.9,33.9,113,16,18,11,1
2025-11-18 17:00:00,31.7,33.4,118,17,18,11,1
2025-11-18 18:00:00,45.5,47.3,146,18,18,11,1
2025-11-18 19:00:00,45.4,47.4,154,19,18,11,1
2025-11-18 20:00:00,44.6,46.9,145,20,18,11,1
2025-11-18 21:00:00,45.5,48.1,120,21,18,11,1
2025-11-18 22:00:00,46.9,49.5,115,22,18,11,1
2025-11-18 23:00:00,48.3,51.0,116,23,18,11,1
2025-11-19 00:00:00,48.3,51.0,116,0,19,11,2
2025-11-19 01:00:00,47.3,50.1,116,1,19,11,2
2025-11-19 02:00:00,46.1,49.1,116,2,19,11,2
2025-11-19 03:00:00,44.2,47.4,116,3,19,11,2
2025-11-19 04:00:00,41.4,44.7,116,4,19,11,2
2025-11-19 05:00:00,44.4,48.1,116,5,19,11,2
2025-11-19 06:00:00,44.1,47.7,115,6,19,11,2
2025-11-19 07:00:00,50.9,54.7,115,7,19,11,2
2025-11-19 08:00:00,59.6,62.9,115,8,19,11,2
2025-11-19 09:00:00,45.5,49.0,115,9,19,11,2
2025-11-19 10:00:00,35.0,39.5,115,10,19,11,2
2025-11-19 11:00:00,32.1,35.9,115,11,19,11,2
2025-11-19 12:00:00,33.2,36.1,115,12,19,11,2
2025-11-19 13:00:00,35.0,37.6,116,13,19,11,2
2025-11-19 14:00:00,36.7,39.0,116,14,19,11,2
2025-11-19 15:00:00,37.6,39.9,117,15,19,11,2
2025-11-19 16:00:00,37.5,39.7,118,16,19,11,2
2025-11-19 17:00:00,34.1,35.9,118,17,19,11,2
2025-11-19 18:00:00,41.7,43.0,129,18,19,11,2
2025-11-19 19:00:00,42.8,44.1,137,19,19,11,2
2025-11-19 20:00:00,41.2,42.5,128,20,19,11,2
2025-11-19 21:00:00,39.7,41.0,117,21,19,11,2
2025-11-19 22:00:00,38.8,40.0,117,22,19,11,2
2025-11-19 23:00:00,38.1,39.2,116,23,19,11,2
2025-11-20 00:00:00,35.6,36.8,115,0,20,11,3
2025-11-20 01:00:00,32.1,33.4,114,1,20,11,3
2025-11-20 02:00:00,29.5,30.9,112,2,20,11,3
2025-11-20 03:00:00,27.9,29.3,110,3,20,11,3
2025-11-20 04:00:00,27.2,28.6,109,4,20,11,3
2025-11-20 05:00:00,33.5,35.0,107,5,20,11,3
2025-11-20 06:00:00,38.8,40.0,106,6,20,11,3
2025-11-20 07:00:00,50.3,51.6,105,7,20,11,3
2025-11-20 08:00:00,60.3,61.2,105,8,20,11,3
2025-11-20 09:00:00,46.4,47.7,105,9,20,11,3
2025-11-20 10:00:00,32.4,34.2,106,10,20,11,3
2025-11-20 11:00:00,29.0,30.6,105,11,20,11,3
2025-11-20 12:00:00,30.2,31.7,105,12,20,11,3
2025-11-20 13:00:00,33.1,34.6,105,13,20,11,3
2025-11-20 14:00:00,35.0,36.4,104,14,20,11,3
2025-11-20 15:00:00,36.3,37.7,104,15,20,11,3
2025-11-20 16:00:00,36.7,38.1,104,16,20,11,3
2025-11-20 17:00:00,31.7,32.2,106,17,20,11,3
2025-11-20 18:00:00,36.1,36.7,134,18,20,11,3
2025-11-20 19:00:00,36.8,37.5,146,19,20,11,3
2025-11-20 20:00:00,34.2,34.8,140,20,20,11,3
2025-11-20 21:00:00,33.1,33.6,119,21,20,11,3
2025-11-20 22:00:00,33.3,34.0,101,22,20,11,3
2025-11-20 23:00:00,34.1,34.8,101,23,20,11,3
2025-11-21 00:00:00,33.4,34.0,100,0,21,11,4
2025-11-21 01:00:00,31.1,31.8,100,1,21,11,4
2025-11-21 02:00:00,29.7,30.5,100,2,21,11,4
2025-11-21 03:00:00,30.4,31.1,100,3,21,11,4
2025-11-21 04:00:00,33.1,33.6,100,4,21,11,4
2025-11-21 05:00:00,38.0,38.4,101,5,21,11,4
2025-11-21 06:00:00,38.5,38.9,101,6,21,11,4
2025-11-21 07:00:00,46.8,47.1,101,7,21,11,4
2025-11-21 08:00:00,58.6,58.8,101,8,21,11,4
2025-11-21 09:00:00,40.3,40.6,101,9,21,11,4
2025-11-21 10:00:00,24.2,24.7,100,10,21,11,4
2025-11-21 11:00:00,24.4,24.8,99,11,21,11,4
2025-11-21 12:00:00,26.1,26.7,99,12,21,11,4
2025-11-21 13:00:00,27.9,28.6,98,13,21,11,4
2025-11-21 14:00:00,29.5,30.5,98,14,21,11,4
2025-11-21 15:00:00,31.1,32.1,98,15,21,11,4
2025-11-21 16:00:00,32.1,33.2,97,16,21,11,4
2025-11-21 17:00:00,48.9,50.9,102,17,21,11,4
2025-11-21 18:00:00,56.9,58.4,131,18,21,11,4
2025-11-21 19:00:00,56.8,58.2,144,19,21,11,4
2025-11-21 20:00:00,54.1,55.6,137,20,21,11,4
2025-11-21 21:00:00,53.8,55.4,115,21,21,11,4
2025-11-21 22:00:00,56.7,58.3,106,22,21,11,4
2025-11-21 23:00:00,59.8,61.5,109,23,21,11,4
2025-11-22 00:00:00,59.3,60.8,111,0,22,11,5
2025-11-22 01:00:00,56.1,58.0,114,1,22,11,5
2025-11-22 02:00:00,50.9,52.7,117,2,22,11,5
2025-11-22 03:00:00,46.3,48.2,119,3,22,11,5
2025-11-22 04:00:00,42.6,44.6,121,4,22,11,5
2025-11-22 05:00:00,41.2,43.0,122,5,22,11,5
2025-11-22 06:00:00,40.5,42.1,122,6,22,11,5
2025-11-22 07:00:00,45.3,46.8,122,7,22,11,5
2025-11-22 08:00:00,51.3,52.6,122,8,22,11,5
2025-11-22 09:00:00,52.9,54.1,121,9,22,11,5
2025-11-22 10:00:00,50.8,52.6,123,10,22,11,5
2025-11-22 11:00:00,52.4,56.5,125,11,22,11,5
2025-11-22 12:00:00,49.2,54.2,128,12,22,11,5
2025-11-22 13:00:00,47.0,52.2,131,13,22,11,5
2025-11-22 14:00:00,47.3,52.5,133,14,22,11,5
2025-11-22 15:00:00,48.3,53.7,135,15,22,11,5
2025-11-22 16:00:00,49.4,54.5,136,16,22,11,5
2025-11-22 17:00:00,64.3,69.8,138,17,22,11,5
2025-11-22 18:00:00,73.1,78.0,145,18,22,11,5
2025-11-22 19:00:00,72.4,77.5,153,19,22,11,5
2025-11-22 20:00:00,69.6,75.7,145,20,22,11,5
2025-11-22 21:00:00,68.0,75.0,145,21,22,11,5
2025-11-22 22:00:00,69.8,78.0,146,22,22,11,5
2025-11-22 23:00:00,78.2,86.8,147,23,22,11,5
2025-11-23 00:00:00,81.5,87.5,149,0,23,11,6
2025-11-23 01:00:00,75.2,79.6,150,1,23,11,6
2025-11-23 02:00:00,70.3,73.6,151,2,23,11,6
2025-11-23 03:00:00,66.1,69.4,151,3,23,11,6
2025-11-23 04:00:00,62.6,65.9,152,4,23,11,6
2025-11-23 05:00:00,72.2,75.4,152,5,23,11,6
2025-11-23 06:00:00,68.2,72.4,153,6,23,11,6
2025-11-23 07:00:00,72.4,76.6,153,7,23,11,6
2025-11-23 08:00:00,79.4,83.4,154,8,23,11,6
2025-11-23 09:00:00,70.8,76.4,155,9,23,11,6
2025-11-23 10:00:00,56.5,68.2,155,10,23,11,6
2025-11-23 11:00:00,51.0,65.0,155,11,23,11,6
2025-11-23 12:00:00,50.2,62.4,155,12,23,11,6
2025-11-23 13:00:00,48.8,62.2,155,13,23,11,6
2025-11-23 14:00:00,47.3,63.1,155,14,23,11,6
2025-11-23 15:00:00,46.4,63.1,155,15,23,11,6
2025-11-23 16:00:00,46.7,61.7,155,16,23,11,6
2025-11-23 17:00:00,50.8,58.9,155,17,23,11,6
2025-11-23 18:00:00,68.9,74.5,155,18,23,11,6
2025-11-23 19:00:00,74.0,78.5,155,19,23,11,6
2025-11-23 20:00:00,76.4,80.3,155,20,23,11,6
2025-11-23 21:00:00,79.9,83.8,155,21,23,11,6
2025-11-23 22:00:00,84.3,88.0,155,22,23,11,6
2025-11-23 23:00:00,78.9,81.5,155,23,23,11,6
2025-11-24 00:00:00,69.6,71.9,155,0,24,11,0
2025-11-24 01:00:00,61.0,63.3,155,1,24,11,0
2025-11-24 02:00:00,54.4,56.6,155,2,24,11,0
2025-11-24 03:00:00,49.1,51.1,154,3,24,11,0
2025-11-24 04:00:00,44.7,46.7,154,4,24,11,0
2025-11-24 05:00:00,47.3,49.5,154,5,24,11,0
2025-11-24 06:00:00,45.2,47.1,153,6,24,11,0
2025-11-24 07:00:00,49.5,51.5,153,7,24,11,0
2025-11-24 08:00:00,56.0,58.0,152,8,24,11,0
2025-11-24 09:00:00,55.5,57.6,152,9,24,11,0
2025-11-24 10:00:00,49.8,53.3,151,10,24,11,0
2025-11-24 11:00:00,37.7,42.7,151,11,24,11,0
2025-11-24 12:00:00,31.3,36.8,151,12,24,11,0
2025-11-24 13:00:00,28.9,34.1,150,13,24,11,0
2025-11-24 14:00:00,27.1,31.7,150,14,24,11,0
2025-11-24 15:00:00,25.7,29.8,148,15,24,11,0
2025-11-24 16:00:00,25.0,28.6,146,16,24,11,0
2025-11-24 17:00:00,31.1,34.2,144,17,24,11,0
2025-11-24 18:00:00,55.8,58.7,142,18,24,11,0
2025-11-24 19:00:00,73.1,76.4,140,19,24,11,0
2025-11-24 20:00:00,79.6,82.4,140,20,24,11,0
2025-11-24 21:00:00,71.2,72.9,140,21,24,11,0
2025-11-24 22:00:00,58.1,58.8,140,22,24,11,0
2025-11-24 23:00:00,47.4,48.0,137,23,24,11,0
2025-11-25 00:00:00,41.8,42.6,134,0,25,11,1
2025-11-25 01:00:00,39.1,40.4,131,1,25,11,1
2025-11-25 02:00:00,38.2,39.8,128,2,25,11,1
2025-11-25 03:00:00,37.7,39.8,127,3,25,11,1
2025-11-25 04:00:00,37.3,39.6,125,4,25,11,1
2025-11-25 05:00:00,37.0,39.5,125,5,25,11,1
2025-11-25 06:00:00,36.9,39.2,124,6,25,11,1
2025-11-25 07:00:00,39.1,41.4,123,7,25,11,1
2025-11-25 08:00:00,42.5,44.7,122,8,25,11,1
2025-11-25 09:00:00,43.3,45.3,120,9,25,11,1
2025-11-25 10:00:00,41.7,44.1,119,10,25,11,1
2025-11-25 11:00:00,42.8,45.3,118,11,25,11,1
2025-11-25 12:00:00,36.3,38.4,119,12,25,11,1
2025-11-25 13:00:00,32.8,34.7,119,13,25,11,1
2025-11-25 14:00:00,33.4,35.3,120,14,25,11,1
2025-11-25 15:00:00,33.8,35.6,120,15,25,11,1
2025-11-25 16:00:00,34.5,36.3,121,16,25,11,1
2025-11-25 17:00:00,29.5,30.2,122,17,25,11,1
2025-11-25 18:00:00,40.5,40.9,122,18,25,11,1
2025-11-25 19:00:00,43.4,43.8,120,19,25,11,1
2025-11-25 20:00:00,41.9,42.4,117,20,25,11,1
2025-11-25 21:00:00,41.4,42.0,113,21,25,11,1
2025-11-25 22:00:00,42.4,43.2,110,22,25,11,1
2025-11-25 23:00:00,43.7,44.6,109,23,25,11,1
2025-11-26 00:00:00,44.0,45.1,108,0,26,11,2
2025-11-26 01:00:00,43.9,45.1,108,1,26,11,2
2025-11-26 02:00:00,43.9,45.2,109,2,26,11,2
2025-11-26 03:00:00,44.1,45.4,110,3,26,11,2
2025-11-26 04:00:00,44.5,45.9,110,4,26,11,2
2025-11-26 05:00:00,44.9,46.2,111,5,26,11,2
2025-11-26 06:00:00,45.9,47.1,112,6,26,11,2
2025-11-26 07:00:00,49.4,50.6,113,7,26,11,2
2025-11-26 08:00:00,53.6,54.7,114,8,26,11,2
2025-11-26 09:00:00,54.2,55.4,115,9,26,11,2
2025-11-26 10:00:00,49.6,50.9,116,10,26,11,2
2025-11-26 11:00:00,36.7,37.8,117,11,26,11,2
2025-11-26 12:00:00,25.1,26.1,116,12,26,11,2
2025-11-26 13:00:00,21.7,22.9,115,13,26,11,2
2025-11-26 14:00:00,21.1,22.4,114,14,26,11,2
2025-11-26 15:00:00,20.8,22.0,113,15,26,11,2
2025-11-26 16:00:00,20.7,21.9,111,16,26,11,2
2025-11-26 17:00:00,31.4,32.7,110,17,26,11,2
2025-11-26 18:00:00,46.1,47.0,110,18,26,11,2
2025-11-26 19:00:00,48.5,49.2,111,19,26,11,2
2025-11-26 20:00:00,40.2,40.6,111,20,26,11,2
2025-11-26 21:00:00,34.0,34.5,111,21,26,11,2
2025-11-26 22:00:00,31.0,31.4,110,22,26,11,2
2025-11-26 23:00:00,29.9,30.6,109,23,26,11,2
2025-11-27 00:00:00,30.4,31.2,108,0,27,11,3
2025-11-27 01:00:00,31.7,32.6,106,1,27,11,3
2025-11-27 02:00:00,33.3,34.3,105,2,27,11,3
2025-11-27 03:00:00,34.6,35.7,104,3,27,11,3
2025-11-27 04:00:00,35.5,36.7,103,4,27,11,3
2025-11-27 05:00:00,35.0,36.2,102,5,27,11,3
2025-11-27 06:00:00,36.0,37.1,101,6,27,11,3
2025-11-27 07:00:00,38.6,39.8,100,7,27,11,3
2025-11-27 08:00:00,41.1,42.3,99,8,27,11,3
2025-11-27 09:00:00,41.7,42.6,98,9,27,11,3
2025-11-27 10:00:00,37.1,38.3,97,10,27,11,3
2025-11-27 11:00:00,29.0,29.9,96,11,27,11,3
2025-11-27 12:00:00,24.5,25.6,95,12,27,11,3
2025-11-27 13:00:00,25.1,26.4,95,13,27,11,3
2025-11-27 14:00:00,25.4,26.7,95,14,27,11,3
2025-11-27 15:00:00,25.8,27.2,96,15,27,11,3
2025-11-27 16:00:00,26.7,27.9,96,16,27,11,3
2025-11-27 17:00:00,31.2,32.0,97,17,27,11,3
2025-11-27 18:00:00,37.5,38.1,96,18,27,11,3
2025-11-27 19:00:00,39.9,40.5,96,19,27,11,3
2025-11-27 20:00:00,39.5,39.9,95,20,27,11,3
2025-11-27 21:00:00,37.8,38.4,95,21,27,11,3
2025-11-27 22:00:00,36.3,36.8,95,22,27,11,3
2025-11-27 23:00:00,34.5,35.0,96,23,27,11,3
2025-11-28 00:00:00,32.6,33.2,96,0,28,11,4
2025-11-28 01:00:00,31.3,31.9,96,1,28,11,4
2025-11-28 02:00:00,31.1,31.5,96,2,28,11,4
2025-11-28 03:00:00,31.4,31.9,96,3,28,11,4
2025-11-28 04:00:00,31.9,32.5,96,4,28,11,4
2025-11-28 05:00:00,31.5,32.2,95,5,28,11,4
2025-11-28 06:00:00,32.2,32.9,95,6,28,11,4
2025-11-28 07:00:00,34.6,35.4,95,7,28,11,4
2025-11-28 08:00:00,37.5,38.3,94,8,28,11,4
2025-11-28 09:00:00,38.6,39.6,94,9,28,11,4
2025-11-28 10:00:00,39.1,40.5,94,10,28,11,4
2025-11-28 11:00:00,41.2,43.0,94,11,28,11,4
2025-11-28 12:00:00,41.1,42.8,95,12,28,11,4
2025-11-28 13:00:00,39.0,40.7,97,13,28,11,4
2025-11-28 14:00:00,37.7,39.6,98,14,28,11,4
2025-11-28 15:00:00,37.4,39.2,99,15,28,11,4
2025-11-28 16:00:00,38.0,39.7,100,16,28,11,4
2025-11-28 17:00:00,34.0,34.9,101,17,28,11,4
2025-11-28 18:00:00,41.6,42.3,105,18,28,11,4
2025-11-28 19:00:00,43.8,44.4,103,19,28,11,4
2025-11-28 20:00:00,43.5,44.1,102,20,28,11,4
2025-11-28 21:00:00,43.7,44.2,103,21,28,11,4
2025-11-28 22:00:00,44.0,44.8,103,22,28,11,4
2025-11-28 23:00:00,44.2,45.1,104,23,28,11,4
2025-11-29 00:00:00,43.3,44.1,105,0,29,11,5
2025-11-29 01:00:00,41.9,42.7,106,1,29,11,5
2025-11-29 02:00:00,40.7,41.6,107,2,29,11,5
2025-11-29 03:00:00,39.7,40.5,108,3,29,11,5
2025-11-29 04:00:00,39.0,39.8,109,4,29,11,5
2025-11-29 05:00:00,39.2,40.0,110,5,29,11,5
2025-11-29 06:00:00,39.7,40.5,111,6,29,11,5
2025-11-29 07:00:00,42.5,43.4,112,7,29,11,5
2025-11-29 08:00:00,46.3,47.1,112,8,29,11,5
2025-11-29 09:00:00,47.3,48.1,113,9,29,11,5
2025-11-29 10:00:00,45.8,46.9,114,10,29,11,5
2025-11-29 11:00:00,45.5,47.0,115,11,29,11,5
2025-11-29 12:00:00,44.6,46.4,115,12,29,11,5
2025-11-29 13:00:00,42.3,44.1,116,13,29,11,5
2025-11-29 14:00:00,40.9,42.7,116,14,29,11,5
2025-11-29 15:00:00,40.3,42.0,116,15,29,11,5
2025-11-29 16:00:00,40.7,42.4,117,16,29,11,5
2025-11-29 17:00:00,25.4,25.8,117,17,29,11,5
2025-11-29 18:00:00,37.8,38.2,120,18,29,11,5
2025-11-29 19:00:00,40.3,40.5,119,19,29,11,5
2025-11-29 20:00:00,38.8,39.0,115,20,29,11,5
2025-11-29 21:00:00,38.4,38.9,115,21,29,11,5
2025-11-29 22:00:00,39.1,39.6,114,22,29,11,5
2025-11-29 23:00:00,39.2,39.8,114,23,29,11,5
2025-11-30 00:00:00,38.4,38.9,113,0,30,11,6
2025-11-30 01:00:00,36.8,37.4,113,1,30,11,6
2025-11-30 02:00:00,35.5,36.1,112,2,30,11,6
2025-11-30 03:00:00,34.6,35.2,112,3,30,11,6
2025-11-30 04:00:00,34.0,34.6,111,4,30,11,6
2025-11-30 05:00:00,34.1,34.7,111,5,30,11,6
2025-11-30 06:00:00,34.7,35.3,110,6,30,11,6
2025-11-30 07:00:00,38.4,39.0,110,7,30,11,6
2025-11-30 08:00:00,43.9,44.5,109,8,30,11,6
2025-11-30 09:00:00,49.1,49.6,109,9,30,11,6
2025-11-30 10:00:00,46.3,47.1,109,10,30,11,6
2025-11-30 11:00:00,36.9,38.1,109,11,30,11,6
2025-11-30 12:00:00,30.7,31.7,108,12,30,11,6
2025-11-30 13:00:00,27.9,28.8,107,13,30,11,6
2025-11-30 14:00:00,26.6,27.5,105,14,30,11,6
2025-11-30 15:00:00,26.1,27.0,104,15,30,11,6
2025-11-30 16:00:00,25.7,26.5,102,16,30,11,6
2025-11-30 17:00:00,22.4,22.4,101,17,30,11,6
2025-11-30 18:00:00,38.0,38.1,110,18,30,11,6
2025-11-30 19:00:00,39.5,39.6,107,19,30,11,6
2025-11-30 20:00:00,38.1,38.1,100,20,30,11,6
2025-11-30 21:00:00,38.3,38.4,100,21,30,11,6
2025-11-30 22:00:00,39.9,40.2,100,22,30,11,6
2025-11-30 23:00:00,41.6,41.8,100,23,30,11,6
2025-12-01 00:00:00,42.6,42.7,101,0,1,12,0
2025-12-01 01:00:00,42.3,42.5,101,1,1,12,0
2025-12-01 02:00:00,41.6,41.8,102,2,1,12,0
2025-12-01 03:00:00,38.9,39.2,102,3,1,12,0
2025-12-01 04:00:00,33.5,33.9,103,4,1,12,0
2025-12-01 05:00:00,28.6,29.3,103,5,1,12,0
2025-12-01 06:00:00,27.2,28.2,102,6,1,12,0
2025-12-01 07:00:00,32.8,34.0,101,7,1,12,0
2025-12-01 08:00:00,44.4,45.5,101,8,1,12,0
2025-12-01 09:00:00,37.6,39.5,101,9,1,12,0
2025-12-01 10:00:00,28.3,33.1,100,10,1,12,0
2025-12-01 11:00:00,22.5,31.1,98,11,1,12,0
2025-12-01 12:00:00,20.0,29.6,97,12,1,12,0
2025-12-01 13:00:00,18.9,28.5,96,13,1,12,0
2025-12-01 14:00:00,18.0,27.8,95,14,1,12,0
2025-12-01 15:00:00,17.6,27.9,94,15,1,12,0
2025-12-01 16:00:00,17.4,27.9,93,16,1,12,0
2025-12-01 17:00:00,16.0,24.6,93,17,1,12,0
2025-12-01 18:00:00,25.8,32.1,92,18,1,12,0
2025-12-01 19:00:00,30.3,36.1,91,19,1,12,0
2025-12-01 20:00:00,31.7,37.4,90,20,1,12,0
2025-12-01 21:00:00,32.9,38.9,90,21,1,12,0
2025-12-01 22:00:00,35.0,41.9,89,22,1,12,0
2025-12-01 23:00:00,37.5,45.9,89,23,1,12,0
2025-12-02 00:00:00,35.4,44.5,88,0,2,12,1
2025-12-02 01:00:00,32.7,41.6,88,1,2,12,1
2025-12-02 02:00:00,31.9,41.1,87,2,2,12,1
2025-12-02 03:00:00,32.4,41.2,86,3,2,12,1
2025-12-02 04:00:00,31.2,37.6,85,4,2,12,1
2025-12-02 05:00:00,33.4,39.2,85,5,2,12,1
2025-12-02 06:00:00,31.9,36.1,86,6,2,12,1
2025-12-02 07:00:00,36.7,40.5,86,7,2,12,1
2025-12-02 08:00:00,44.9,47.6,86,8,2,12,1
2025-12-02 09:00:00,40.6,43.9,87,9,2,12,1
2025-12-02 10:00:00,33.9,40.0,87,10,2,12,1
2025-12-02 11:00:00,30.9,42.7,87,11,2,12,1
2025-12-02 12:00:00,29.8,48.3,88,12,2,12,1
2025-12-02 13:00:00,30.3,51.2,89,13,2,12,1
2025-12-02 14:00:00,30.5,49.6,90,14,2,12,1
2025-12-02 15:00:00,31.0,48.1,91,15,2,12,1
2025-12-02 16:00:00,31.5,47.1,92,16,2,12,1
2025-12-02 17:00:00,29.5,44.1,93,17,2,12,1
2025-12-02 18:00:00,49.2,61.7,95,18,2,12,1
2025-12-02 19:00:00,60.5,70.8,99,19,2,12,1
2025-12-02 20:00:00,64.5,72.6,99,20,2,12,1
2025-12-02 21:00:00,68.0,74.7,103,21,2,12,1
2025-12-02 22:00:00,65.7,70.5,106,22,2,12,1
2025-12-02 23:00:00,54.4,56.9,110,23,2,12,1
2025-12-03 00:00:00,44.4,45.9,111,0,3,12,2
2025-12-03 01:00:00,37.0,38.1,112,1,3,12,2
2025-12-03 02:00:00,32.0,32.9,113,2,3,12,2
2025-12-03 03:00:00,27.9,29.0,113,3,3,12,2
2025-12-03 04:00:00,24.3,25.5,112,4,3,12,2
2025-12-03 05:00:00,23.6,24.7,112,5,3,12,2
2025-12-03 06:00:00,22.2,23.4,111,6,3,12,2
2025-12-03 07:00:00,24.3,25.6,110,7,3,12,2
2025-12-03 08:00:00,28.3,29.5,108,8,3,12,2
2025-12-03 09:00:00,31.2,32.0,106,9,3,12,2
2025-12-03 10:00:00,26.1,27.6,106,10,3,12,2
2025-12-03 11:00:00,21.8,24.0,105,11,3,12,2
2025-12-03 12:00:00,19.2,21.6,104,12,3,12,2
2025-12-03 13:00:00,18.0,20.4,103,13,3,12,2
2025-12-03 14:00:00,17.5,19.6,101,14,3,12,2
2025-12-03 15:00:00,17.0,19.0,100,15,3,12,2
2025-12-03 16:00:00,16.9,18.7,99,16,3,12,2
2025-12-03 17:00:00,18.6,20.2,97,17,3,12,2
2025-12-03 18:00:00,25.6,26.7,97,18,3,12,2
2025-12-03 19:00:00,27.6,28.6,94,19,3,12,2
2025-12-03 20:00:00,27.5,28.6,91,20,3,12,2
2025-12-03 21:00:00,28.3,29.6,88,21,3,12,2
2025-12-03 22:00:00,29.4,30.9,85,22,3,12,2
2025-12-03 23:00:00,29.8,31.3,81,23,3,12,2
2025-12-04 00:00:00,29.4,31.1,79,0,4,12,3
2025-12-04 01:00:00,28.8,30.5,78,1,4,12,3
2025-12-04 02:00:00,28.5,30.2,77,2,4,12,3
2025-12-04 03:00:00,28.2,29.9,77,3,4,12,3
2025-12-04 04:00:00,28.0,29.6,77,4,4,12,3
2025-12-04 05:00:00,28.1,29.6,77,5,4,12,3
2025-12-04 06:00:00,28.4,29.8,78,6,4,12,3
2025-12-04 07:00:00,30.4,31.5,78,7,4,12,3
2025-12-04 08:00:00,32.6,33.6,79,8,4,12,3
2025-12-04 09:00:00,33.1,33.9,79,9,4,12,3
2025-12-04 10:00:00,30.0,30.9,79,10,4,12,3
2025-12-04 11:00:00,24.8,25.4,80,11,4,12,3
2025-12-04 12:00:00,21.5,21.9,80,12,4,12,3
2025-12-04 13:00:00,20.4,20.8,80,13,4,12,3
2025-12-04 14:00:00,20.3,20.7,80,14,4,12,3
2025-12-04 15:00:00,20.4,20.8,81,15,4,12,3
2025-12-04 16:00:00,20.3,20.7,81,16,4,12,3
2025-12-04 17:00:00,15.6,15.7,81,17,4,12,3
2025-12-04 18:00:00,27.5,27.6,81,18,4,12,3
2025-12-04 19:00:00,30.5,30.5,82,19,4,12,3
2025-12-04 20:00:00,27.4,27.4,81,20,4,12,3
2025-12-04 21:00:00,24.3,24.3,81,21,4,12,3
2025-12-04 22:00:00,22.3,22.3,81,22,4,12,3
2025-12-04 23:00:00,21.4,21.5,80,23,4,12,3
2025-12-05 00:00:00,20.9,21.0,80,0,5,12,4
2025-12-05 01:00:00,20.0,20.1,79,1,5,12,4
2025-12-05 02:00:00,19.0,19.2,78,2,5,12,4
2025-12-05 03:00:00,18.2,18.3,77,3,5,12,4
2025-12-05 04:00:00,17.4,17.6,76,4,5,12,4
2025-12-05 05:00:00,17.6,17.7,75,5,5,12,4
2025-12-05 06:00:00,18.4,18.5,74,6,5,12,4
2025-12-05 07:00:00,23.4,23.6,74,7,5,12,4
2025-12-05 08:00:00,31.3,31.4,73,8,5,12,4
2025-12-05 09:00:00,30.3,30.4,73,9,5,12,4
2025-12-05 10:00:00,26.3,26.5,73,10,5,12,4
2025-12-05 11:00:00,17.8,18.0,72,11,5,12,4
2025-12-05 12:00:00,18.5,18.7,72,12,5,12,4
2025-12-05 13:00:00,18.7,19.0,71,13,5,12,4
2025-12-05 14:00:00,18.0,18.4,71,14,5,12,4
2025-12-05 15:00:00,17.0,17.4,71,15,5,12,4
2025-12-05 16:00:00,16.0,16.4,71,16,5,12,4
2025-12-05 17:00:00,15.9,16.2,70,17,5,12,4
2025-12-05 18:00:00,30.4,30.6,87,18,5,12,4
2025-12-05 19:00:00,36.4,36.6,91,19,5,12,4
2025-12-05 20:00:00,28.4,28.5,79,20,5,12,4
2025-12-05 21:00:00,23.9,23.9,71,21,5,12,4
2025-12-05 22:00:00,22.7,22.8,71,22,5,12,4
2025-12-05 23:00:00,22.6,22.7,71,23,5,12,4
2025-12-06 00:00:00,22.3,22.4,71,0,6,12,5
2025-12-06 01:00:00,21.1,21.2,71,1,6,12,5
2025-12-06 02:00:00,19.4,19.6,72,2,6,12,5
2025-12-06 03:00:00,17.6,17.8,72,3,6,12,5
2025-12-06 04:00:00,16.2,16.4,72,4,6,12,5
2025-12-06 05:00:00,16.4,16.5,71,5,6,12,5
2025-12-06 06:00:00,16.4,16.5,71,6,6,12,5
2025-12-06 07:00:00,19.0,19.2,71,7,6,12,5
2025-12-06 08:00:00,22.8,23.1,71,8,6,12,5
2025-12-06 09:00:00,26.2,26.4,70,9,6,12,5
2025-12-06 10:00:00,24.7,24.9,70,10,6,12,5
2025-12-06 11:00:00,21.4,21.7,70,11,6,12,5
2025-12-06 12:00:00,16.9,17.1,70,12,6,12,5
2025-12-06 13:00:00,17.4,17.5,70,13,6,12,5
2025-12-06 14:00:00,18.6,18.7,70,14,6,12,5
2025-12-06 15:00:00,19.2,19.4,70,15,6,12,5
2025-12-06 16:00:00,19.6,19.8,70,16,6,12,5
2025-12-06 17:00:00,30.5,30.7,70,17,6,12,5
2025-12-06 18:00:00,38.4,38.6,71,18,6,12,5
2025-12-06 19:00:00,39.8,40.0,72,19,6,12,5
2025-12-06 20:00:00,38.3,38.5,72,20,6,12,5
2025-12-06 21:00:00,37.7,38.0,73,21,6,12,5
2025-12-06 22:00:00,38.9,39.1,75,22,6,12,5
2025-12-06 23:00:00,41.2,41.6,76,23,6,12,5
2025-12-07 00:00:00,43.3,43.8,78,0,7,12,6
2025-12-07 01:00:00,45.1,45.4,80,1,7,12,6
2025-12-07 02:00:00,46.2,46.7,82,2,7,12,6
2025-12-07 03:00:00,46.9,47.5,84,3,7,12,6
2025-12-07 04:00:00,47.3,47.8,87,4,7,12,6
2025-12-07 05:00:00,47.3,47.8,89,5,7,12,6
2025-12-07 06:00:00,47.8,48.4,92,6,7,12,6
2025-12-07 07:00:00,51.0,51.6,95,7,7,12,6
2025-12-07 08:00:00,56.0,56.6,98,8,7,12,6
2025-12-07 09:00:00,59.4,59.8,101,9,7,12,6
2025-12-07 10:00:00,57.4,58.0,104,10,7,12,6
2025-12-07 11:00:00,52.6,53.2,108,11,7,12,6
2025-12-07 12:00:00,39.5,39.8,111,12,7,12,6
2025-12-07 13:00:00,31.4,31.7,113,13,7,12,6
2025-12-07 14:00:00,28.6,28.9,115,14,7,12,6
2025-12-07 15:00:00,27.9,28.1,116,15,7,12,6
2025-12-07 16:00:00,28.1,28.2,117,16,7,12,6
2025-12-07 17:00:00,20.7,20.7,118,17,7,12,6
2025-12-07 18:00:00,44.1,44.1,117,18,7,12,6
2025-12-07 19:00:00,57.9,58.0,117,19,7,12,6
2025-12-07 20:00:00,64.3,64.3,119,20,7,12,6
2025-12-07 21:00:00,59.5,59.5,122,21,7,12,6
2025-12-07 22:00:00,49.9,49.9,124,22,7,12,6
2025-12-07 23:00:00,42.4,42.4,125,23,7,12,6
2025-12-08 00:00:00,39.2,39.2,125,0,8,12,0
2025-12-08 01:00:00,38.1,38.1,125,1,8,12,0
2025-12-08 02:00:00,37.5,37.6,124,2,8,12,0
2025-12-08 03:00:00,36.6,36.7,123,3,8,12,0
2025-12-08 04:00:00,35.5,35.7,122,4,8,12,0
2025-12-08 05:00:00,34.2,34.3,121,5,8,12,0
2025-12-08 06:00:00,34.3,34.6,120,6,8,12,0
2025-12-08 07:00:00,37.7,38.1,118,7,8,12,0
2025-12-08 08:00:00,43.4,43.7,117,8,8,12,0
2025-12-08 09:00:00,43.9,44.4,115,9,8,12,0
2025-12-08 10:00:00,43.3,43.9,114,10,8,12,0
2025-12-08 11:00:00,33.6,34.6,112,11,8,12,0
2025-12-08 12:00:00,21.7,22.3,110,12,8,12,0
2025-12-08 13:00:00,17.7,18.2,109,13,8,12,0
2025-12-08 14:00:00,16.3,16.8,107,14,8,12,0
2025-12-08 15:00:00,15.5,15.9,106,15,8,12,0
2025-12-08 16:00:00,15.5,16.0,105,16,8,12,0
2025-12-08 17:00:00,16.6,16.7,103,17,8,12,0
2025-12-08 18:00:00,26.8,26.9,103,18,8,12,0
2025-12-08 19:00:00,29.5,29.5,101,19,8,12,0
2025-12-08 20:00:00,25.4,25.5,98,20,8,12,0
2025-12-08 21:00:00,24.4,24.6,95,21,8,12,0
2025-12-08 22:00:00,25.1,25.4,92,22,8,12,0
2025-12-08 23:00:00,26.4,27.0,90,23,8,12,0
2025-12-09 00:00:00,27.3,28.1,88,0,9,12,1
2025-12-09 01:00:00,27.1,28.2,87,1,9,12,1
2025-12-09 02:00:00,26.3,27.6,86,2,9,12,1
2025-12-09 03:00:00,25.2,26.9,85,3,9,12,1
2025-12-09 04:00:00,24.2,26.1,84,4,9,12,1
2025-12-09 05:00:00,23.3,25.1,83,5,9,12,1
2025-12-09 06:00:00,23.3,25.3,82,6,9,12,1
2025-12-09 07:00:00,25.9,28.2,81,7,9,12,1
2025-12-09 08:00:00,31.5,34.0,80,8,9,12,1
2025-12-09 09:00:00,36.8,38.9,79,9,9,12,1
2025-12-09 10:00:00,38.4,41.1,78,10,9,12,1
2025-12-09 11:00:00,31.1,35.4,78,11,9,12,1
2025-12-09 12:00:00,23.5,26.7,78,12,9,12,1
2025-12-09 13:00:00,18.6,20.4,78,13,9,12,1
2025-12-09 14:00:00,16.8,18.3,78,14,9,12,1
2025-12-09 15:00:00,16.2,17.6,78,15,9,12,1
2025-12-09 16:00:00,16.5,17.8,78,16,9,12,1
2025-12-09 17:00:00,12.8,12.8,78,17,9,12,1
2025-12-09 18:00:00,27.5,27.5,84,18,9,12,1
2025-12-09 19:00:00,32.0,32.0,89,19,9,12,1
2025-12-09 20:00:00,34.0,34.1,79,20,9,12,1
2025-12-09 21:00:00,37.8,38.0,79,21,9,12,1
2025-12-09 22:00:00,43.3,43.5,80,22,9,12,1
2025-12-09 23:00:00,47.6,47.8,82,23,9,12,1
2025-12-10 00:00:00,46.4,46.7,84,0,10,12,2
2025-12-10 01:00:00,44.7,45.2,85,1,10,12,2
2025-12-10 02:00:00,40.4,40.9,87,2,10,12,2
2025-12-10 03:00:00,35.3,35.5,88,3,10,12,2
2025-12-10 04:00:00,30.6,30.7,89,4,10,12,2
2025-12-10 05:00:00,23.6,23.7,90,5,10,12,2
2025-12-10 06:00:00,23.3,23.4,90,6,10,12,2
2025-12-10 07:00:00,28.9,29.0,90,7,10,12,2
2025-12-10 08:00:00,41.7,41.9,90,8,10,12,2
2025-12-10 09:00:00,39.9,40.0,91,9,10,12,2
2025-12-10 10:00:00,28.8,28.8,91,10,10,12,2
2025-12-10 11:00:00,21.8,21.9,90,11,10,12,2
2025-12-10 12:00:00,20.9,21.0,89,12,10,12,2
2025-12-10 13:00:00,18.6,18.7,89,13,10,12,2
2025-12-10 14:00:00,17.9,18.0,89,14,10,12,2
2025-12-10 15:00:00,17.9,18.0,89,15,10,12,2
2025-12-10 16:00:00,17.3,17.4,89,16,10,12,2
2025-12-10 17:00:00,14.6,14.8,89,17,10,12,2
2025-12-10 18:00:00,22.8,22.9,91,18,10,12,2
2025-12-10 19:00:00,29.5,29.7,95,19,10,12,2
2025-12-10 20:00:00,34.0,34.6,89,20,10,12,2
2025-12-10 21:00:00,37.5,38.6,89,21,10,12,2
2025-12-10 22:00:00,39.0,40.4,89,22,10,12,2
2025-12-10 23:00:00,39.1,40.9,89,23,10,12,2
2025-12-11 00:00:00,36.6,38.8,88,0,11,12,3
2025-12-11 01:00:00,31.8,34.2,87,1,11,12,3
2025-12-11 02:00:00,26.4,29.0,86,2,11,12,3
2025-12-11 03:00:00,21.9,24.7,85,3,11,12,3
2025-12-11 04:00:00,18.9,21.8,83,4,11,12,3
2025-12-11 05:00:00,22.4,25.9,82,5,11,12,3
2025-12-11 06:00:00,22.6,26.3,82,6,11,12,3
2025-12-11 07:00:00,28.3,32.1,82,7,11,12,3
2025-12-11 08:00:00,41.6,45.3,82,8,11,12,3
2025-12-11 09:00:00,49.9,52.5,82,9,11,12,3
2025-12-11 10:00:00,25.4,30.6,83,10,11,12,3
2025-12-11 11:00:00,21.7,27.7,83,11,11,12,3
2025-12-11 12:00:00,17.9,23.9,83,12,11,12,3
2025-12-11 13:00:00,16.5,22.3,82,13,11,12,3
2025-12-11 14:00:00,16.4,22.1,82,14,11,12,3
2025-12-11 15:00:00,15.5,20.8,82,15,11,12,3
2025-12-11 16:00:00,14.6,19.7,82,16,11,12,3
2025-12-11 17:00:00,10.9,12.1,82,17,11,12,3
2025-12-11 18:00:00,18.9,20.1,82,18,11,12,3
2025-12-11 19:00:00,24.4,26.0,82,19,11,12,3
2025-12-11 20:00:00,26.7,28.3,81,20,11,12,3
2025-12-11 21:00:00,29.9,31.8,80,21,11,12,3
2025-12-11 22:00:00,35.0,37.3,79,22,11,12,3
2025-12-11 23:00:00,39.7,42.3,79,23,11,12,3
2025-12-12 00:00:00,40.9,43.9,79,0,12,12,4
2025-12-12 01:00:00,37.8,41.0,79,1,12,12,4
2025-12-12 02:00:00,32.2,35.7,80,2,12,12,4
2025-12-12 03:00:00,28.5,32.6,80,3,12,12,4
2025-12-12 04:00:00,27.1,32.2,81,4,12,12,4
2025-12-12 05:00:00,34.1,36.9,82,5,12,12,4
2025-12-12 06:00:00,30.7,33.3,83,6,12,12,4
2025-12-12 07:00:00,35.5,38.3,83,7,12,12,4
2025-12-12 08:00:00,37.1,40.4,84,8,12,12,4
2025-12-12 09:00:00,38.1,41.0,84,9,12,12,4
2025-12-12 10:00:00,26.8,30.4,83,10,12,12,4
2025-12-12 11:00:00,23.5,27.9,83,11,12,12,4
2025-12-12 12:00:00,21.9,26.7,83,12,12,12,4
2025-12-12 13:00:00,19.2,24.1,83,13,12,12,4
2025-12-12 14:00:00,16.9,21.1,83,14,12,12,4
2025-12-12 15:00:00,14.8,18.2,84,15,12,12,4
2025-12-12 16:00:00,12.6,15.5,83,16,12,12,4
2025-12-12 17:00:00,9.7,11.3,83,17,12,12,4
2025-12-12 18:00:00,15.4,16.8,83,18,12,12,4
2025-12-12 19:00:00,21.4,22.8,83,19,12,12,4
2025-12-12 20:00:00,24.7,26.4,83,20,12,12,4
2025-12-12 21:00:00,27.4,29.2,82,21,12,12,4
2025-12-12 22:00:00,29.9,32.1,82,22,12,12,4
2025-12-12 23:00:00,30.9,33.4,82,23,12,12,4
2025-12-13 00:00:00,28.8,31.7,81,0,13,12,5
2025-12-13 01:00:00,25.6,28.7,80,1,13,12,5
2025-12-13 02:00:00,22.2,25.5,79,2,13,12,5
2025-12-13 03:00:00,19.5,23.0,78,3,13,12,5
2025-12-13 04:00:00,17.8,21.4,77,4,13,12,5
2025-12-13 05:00:00,23.6,28.6,76,5,13,12,5
2025-12-13 06:00:00,26.6,31.7,75,6,13,12,5
2025-12-13 07:00:00,34.7,39.3,75,7,13,12,5
2025-12-13 08:00:00,48.4,51.1,75,8,13,12,5
2025-12-13 09:00:00,43.7,45.1,76,9,13,12,5
2025-12-13 10:00:00,32.1,33.8,76,10,13,12,5
2025-12-13 11:00:00,17.0,20.1,77,11,13,12,5
2025-12-13 12:00:00,13.6,15.6,76,12,13,12,5
2025-12-13 13:00:00,13.3,14.6,76,13,13,12,5
2025-12-13 14:00:00,13.4,14.5,75,14,13,12,5
2025-12-13 15:00:00,13.3,14.3,75,15,13,12,5
2025-12-13 16:00:00,13.0,14.0,75,16,13,12,5
2025-12-13 17:00:00,8.1,8.1,75,17,13,12,5
2025-12-13 18:00:00,14.6,14.7,75,18,13,12,5
2025-12-13 19:00:00,20.9,21.6,74,19,13,12,5
2025-12-13 20:00:00,23.2,24.0,74,20,13,12,5
2025-12-13 21:00:00,25.1,26.0,74,21,13,12,5
2025-12-13 22:00:00,28.1,29.2,74,22,13,12,5
2025-12-13 23:00:00,31.0,32.4,74,23,13,12,5
2025-12-14 00:00:00,32.9,34.3,74,0,14,12,6
2025-12-14 01:00:00,32.5,34.0,74,1,14,12,6
2025-12-14 02:00:00,30.0,31.7,75,2,14,12,6
2025-12-14 03:00:00,28.2,29.9,76,3,14,12,6
2025-12-14 04:00:00,28.3,30.2,76,4,14,12,6
2025-12-14 05:00:00,32.2,33.6,77,5,14,12,6
2025-12-14 06:00:00,31.8,32.5,78,6,14,12,6
2025-12-14 07:00:00,36.3,37.1,78,7,14,12,6
2025-12-14 08:00:00,45.2,45.9,79,8,14,12,6
2025-12-14 09:00:00,34.1,34.9,78,9,14,12,6
2025-12-14 10:00:00,20.4,22.5,78,10,14,12,6
2025-12-14 11:00:00,15.4,17.9,76,11,14,12,6
2025-12-14 12:00:00,14.6,16.9,76,12,14,12,6
2025-12-14 13:00:00,15.9,17.9,76,13,14,12,6
2025-12-14 14:00:00,17.5,19.4,77,14,14,12,6
2025-12-14 15:00:00,19.0,20.9,77,15,14,12,6
2025-12-14 16:00:00,20.4,22.2,78,16,14,12,6
2025-12-14 17:00:00,44.5,55.1,78,17,14,12,6
2025-12-14 18:00:00,52.0,61.9,84,18,14,12,6
2025-12-14 19:00:00,59.5,68.5,92,19,14,12,6
2025-12-14 20:00:00,62.4,70.8,88,20,14,12,6
2025-12-14 21:00:00,69.4,77.1,92,21,14,12,6
2025-12-14 22:00:00,75.4,81.5,96,22,14,12,6
2025-12-14 23:00:00,73.1,77.8,100,23,14,12,6
2025-12-15 00:00:00,73.3,78.0,104,0,15,12,0
2025-12-15 01:00:00,74.0,78.9,108,1,15,12,0
2025-12-15 02:00:00,73.6,78.7,113,2,15,12,0
2025-12-15 03:00:00,71.9,76.8,117,3,15,12,0
2025-12-15 04:00:00,68.9,73.6,122,4,15,12,0
2025-12-15 05:00:00,66.4,71.0,126,5,15,12,0
2025-12-15 06:00:00,64.0,68.7,129,6,15,12,0
2025-12-15 07:00:00,64.0,68.7,133,7,15,12,0
2025-12-15 08:00:00,65.4,70.1,136,8,15,12,0
2025-12-15 09:00:00,65.7,69.6,138,9,15,12,0
2025-12-15 10:00:00,63.1,67.8,141,10,15,12,0
2025-12-15 11:00:00,57.9,64.3,146,11,15,12,0
2025-12-15 12:00:00,49.9,56.0,150,12,15,12,0
2025-12-15 13:00:00,42.3,46.9,151,13,15,12,0
2025-12-15 14:00:00,38.0,41.8,151,14,15,12,0
2025-12-15 15:00:00,35.6,39.1,152,15,15,12,0
2025-12-15 16:00:00,34.8,38.0,152,16,15,12,0
2025-12-15 17:00:00,33.3,35.2,152,17,15,12,0
2025-12-15 18:00:00,50.3,51.9,152,18,15,12,0
2025-12-15 19:00:00,61.5,63.1,152,19,15,12,0
2025-12-15 20:00:00,56.3,57.5,152,20,15,12,0
2025-12-15 21:00:00,54.6,56.0,152,21,15,12,0
2025-12-15 22:00:00,56.1,58.1,152,22,15,12,0
2025-12-15 23:00:00,57.5,60.1,151,23,15,12,0
2025-12-16 00:00:00,57.6,60.5,151,0,16,12,1
2025-12-16 01:00:00,56.6,59.6,151,1,16,12,1
2025-12-16 02:00:00,54.7,57.9,150,2,16,12,1
2025-12-16 03:00:00,52.7,55.9,149,3,16,12,1
2025-12-16 04:00:00,51.0,54.1,147,4,16,12,1
2025-12-16 05:00:00,50.1,53.2,146,5,16,12,1
2025-12-16 06:00:00,49.7,52.7,144,6,16,12,1
2025-12-16 07:00:00,51.7,54.5,142,7,16,12,1
2025-12-16 08:00:00,54.8,57.6,141,8,16,12,1
2025-12-16 09:00:00,57.5,59.8,140,9,16,12,1
2025-12-16 10:00:00,58.3,61.2,139,10,16,12,1
2025-12-16 11:00:00,53.9,57.4,139,11,16,12,1
2025-12-16 12:00:00,44.0,47.0,138,12,16,12,1
2025-12-16 13:00:00,35.7,38.0,138,13,16,12,1
2025-12-16 14:00:00,31.5,33.3,137,14,16,12,1
2025-12-16 15:00:00,29.3,30.7,136,15,16,12,1
2025-12-16 16:00:00,28.2,29.5,136,16,16,12,1
2025-12-16 17:00:00,45.8,48.2,135,17,16,12,1
2025-12-16 18:00:00,52.7,54.5,136,18,16,12,1
2025-12-16 19:00:00,55.5,57.2,136,19,16,12,1
2025-12-16 20:00:00,56.2,58.1,136,20,16,12,1
2025-12-16 21:00:00,58.0,60.1,136,21,16,12,1
2025-12-16 22:00:00,60.1,62.4,136,22,16,12,1
2025-12-16 23:00:00,61.7,64.3,137,23,16,12,1
2025-12-17 00:00:00,62.4,65.0,137,0,17,12,2
2025-12-17 01:00:00,62.2,64.7,138,1,17,12,2
2025-12-17 02:00:00,61.5,64.0,138,2,17,12,2
2025-12-17 03:00:00,60.5,62.9,139,3,17,12,2
2025-12-17 04:00:00,59.8,62.2,140,4,17,12,2
2025-12-17 05:00:00,58.6,60.8,141,5,17,12,2
2025-12-17 06:00:00,58.8,61.0,141,6,17,12,2
2025-12-17 07:00:00,60.5,62.6,142,7,17,12,2
2025-12-17 08:00:00,63.1,65.0,143,8,17,12,2
2025-12-17 09:00:00,64.3,65.7,144,9,17,12,2
2025-12-17 10:00:00,61.9,63.6,145,10,17,12,2
2025-12-17 11:00:00,47.7,49.5,145,11,17,12,2
2025-12-17 12:00:00,33.4,35.0,145,12,17,12,2
2025-12-17 13:00:00,30.2,32.5,143,13,17,12,2
2025-12-17 14:00:00,29.9,32.7,143,14,17,12,2
2025-12-17 15:00:00,29.9,32.7,143,15,17,12,2
2025-12-17 16:00:00,30.0,32.9,143,16,17,12,2
2025-12-17 17:00:00,34.9,38.3,143,17,17,12,2
2025-12-17 18:00:00,48.5,51.1,142,18,17,12,2
2025-12-17 19:00:00,60.8,63.1,141,19,17,12,2
2025-12-17 20:00:00,61.0,62.9,142,20,17,12,2
2025-12-17 21:00:00,49.5,50.8,142,21,17,12,2
2025-12-17 22:00:00,39.8,40.9,142,22,17,12,2
2025-12-17 23:00:00,33.5,34.5,139,23,17,12,2
2025-12-18 00:00:00,29.7,30.6,137,0,18,12,3
2025-12-18 01:00:00,27.8,28.6,133,1,18,12,3
2025-12-18 02:00:00,27.1,28.0,130,2,18,12,3
2025-12-18 03:00:00,27.2,28.2,126,3,18,12,3
2025-12-18 04:00:00,27.8,28.9,122,4,18,12,3
2025-12-18 05:00:00,27.1,28.2,119,5,18,12,3
2025-12-18 06:00:00,28.6,29.8,116,6,18,12,3
2025-12-18 07:00:00,32.5,34.0,113,7,18,12,3
2025-12-18 08:00:00,39.5,41.1,110,8,18,12,3
2025-12-18 09:00:00,43.1,44.8,107,9,18,12,3
2025-12-18 10:00:00,43.9,45.9,105,10,18,12,3
2025-12-18 11:00:00,35.6,39.2,103,11,18,12,3
2025-12-18 12:00:00,35.7,40.3,102,12,18,12,3
2025-12-18 13:00:00,37.3,42.6,102,13,18,12,3
2025-12-18 14:00:00,38.4,44.2,103,14,18,12,3
2025-12-18 15:00:00,39.3,45.1,104,15,18,12,3
2025-12-18 16:00:00,40.7,46.1,105,16,18,12,3
2025-12-18 17:00:00,45.6,50.1,106,17,18,12,3
2025-12-18 18:00:00,65.0,68.2,116,18,18,12,3
2025-12-18 19:00:00,71.7,74.3,126,19,18,12,3
2025-12-18 20:00:00,70.8,73.1,117,20,18,12,3
2025-12-18 21:00:00,70.1,71.9,111,21,18,12,3
2025-12-18 22:00:00,70.3,71.9,113,22,18,12,3
2025-12-18 23:00:00,66.6,67.8,116,23,18,12,3
2025-12-19 00:00:00,58.1,59.4,120,0,19,12,4
2025-12-19 01:00:00,49.7,51.2,123,1,19,12,4
2025-12-19 02:00:00,43.5,45.3,125,2,19,12,4
2025-12-19 03:00:00,40.0,41.8,127,3,19,12,4
2025-12-19 04:00:00,38.2,40.0,128,4,19,12,4
2025-12-19 05:00:00,36.6,38.4,129,5,19,12,4
2025-12-19 06:00:00,37.0,38.9,130,6,19,12,4
2025-12-19 07:00:00,39.8,41.8,131,7,19,12,4
2025-12-19 08:00:00,44.8,46.8,132,8,19,12,4
2025-12-19 09:00:00,49.2,50.9,132,9,19,12,4
2025-12-19 10:00:00,48.4,50.6,133,10,19,12,4
2025-12-19 11:00:00,43.4,46.7,133,11,19,12,4
2025-12-19 12:00:00,39.2,43.1,134,12,19,12,4
2025-12-19 13:00:00,38.8,42.7,135,13,19,12,4
2025-12-19 14:00:00,38.3,41.9,135,14,19,12,4
2025-12-19 15:00:00,37.5,40.7,135,15,19,12,4
2025-12-19 16:00:00,38.2,41.1,135,16,19,12,4
2025-12-19 17:00:00,41.3,43.9,134,17,19,12,4
2025-12-19 18:00:00,59.0,61.0,134,18,19,12,4
2025-12-19 19:00:00,65.4,67.1,133,19,19,12,4
2025-12-19 20:00:00,67.5,69.4,133,20,19,12,4
2025-12-19 21:00:00,71.2,72.9,132,21,19,12,4
2025-12-19 22:00:00,77.1,79.2,132,22,19,12,4
2025-12-19 23:00:00,84.8,86.8,133,23,19,12,4
2025-12-20 00:00:00,85.7,87.5,135,0,20,12,5
2025-12-20 01:00:00,79.4,81.0,138,1,20,12,5
2025-12-20 02:00:00,71.9,73.6,141,2,20,12,5
2025-12-20 03:00:00,66.1,67.5,144,3,20,12,5
2025-12-20 04:00:00,60.3,61.9,147,4,20,12,5
2025-12-20 05:00:00,61.5,63.1,149,5,20,12,5
2025-12-20 06:00:00,58.6,60.5,150,6,20,12,5
2025-12-20 07:00:00,61.0,63.1,151,7,20,12,5
2025-12-20 08:00:00,71.9,73.8,151,8,20,12,5
2025-12-20 09:00:00,75.0,76.4,152,9,20,12,5
2025-12-20 10:00:00,58.3,61.0,152,10,20,12,5
2025-12-20 11:00:00,54.9,58.0,153,11,20,12,5
2025-12-20 12:00:00,45.8,48.2,153,12,20,12,5
2025-12-20 13:00:00,39.0,41.1,153,13,20,12,5
2025-12-20 14:00:00,36.4,38.2,153,14,20,12,5
2025-12-20 15:00:00,35.2,36.8,153,15,20,12,5
2025-12-20 16:00:00,35.6,37.4,153,16,20,12,5
2025-12-20 17:00:00,48.9,51.3,153,17,20,12,5
2025-12-20 18:00:00,57.3,59.1,153,18,20,12,5
2025-12-20 19:00:00,61.9,63.8,153,19,20,12,5
2025-12-20 20:00:00,63.1,65.2,153,20,20,12,5
2025-12-20 21:00:00,63.8,65.9,153,21,20,12,5
2025-12-20 22:00:00,65.0,67.1,153,22,20,12,5
2025-12-20 23:00:00,66.6,68.9,152,23,20,12,5
2025-12-21 00:00:00,64.0,66.4,152,0,21,12,6
2025-12-21 01:00:00,57.2,59.5,152,1,21,12,6
2025-12-21 02:00:00,50.1,52.5,151,2,21,12,6
2025-12-21 03:00:00,45.9,48.8,151,3,21,12,6
2025-12-21 04:00:00,41.9,44.7,150,4,21,12,6
2025-12-21 05:00:00,37.5,40.3,149,5,21,12,6
2025-12-21 06:00:00,38.1,40.9,146,6,21,12,6
2025-12-21 07:00:00,45.5,48.4,144,7,21,12,6
2025-12-21 08:00:00,58.3,61.2,142,8,21,12,6
2025-12-21 09:00:00,54.5,56.9,141,9,21,12,6
2025-12-21 10:00:00,39.3,44.0,139,10,21,12,6
2025-12-21 11:00:00,25.1,38.0,137,11,21,12,6
2025-12-21 12:00:00,20.4,40.9,134,12,21,12,6
2025-12-21 13:00:00,19.4,45.5,131,13,21,12,6
2025-12-21 14:00:00,18.5,45.6,129,14,21,12,6
2025-12-21 15:00:00,17.3,43.8,127,15,21,12,6
2025-12-21 16:00:00,16.5,40.9,125,16,21,12,6
2025-12-21 17:00:00,18.3,41.1,123,17,21,12,6
2025-12-21 18:00:00,22.8,36.3,120,18,21,12,6
2025-12-21 19:00:00,25.9,35.6,117,19,21,12,6
2025-12-21 20:00:00,26.7,34.3,113,20,21,12,6
2025-12-21 21:00:00,25.7,32.5,109,21,21,12,6
2025-12-21 22:00:00,24.4,30.5,105,22,21,12,6
2025-12-21 23:00:00,22.4,28.3,101,23,21,12,6
2025-12-22 00:00:00,19.6,25.6,97,0,22,12,0
2025-12-22 01:00:00,17.3,23.2,93,1,22,12,0
2025-12-22 02:00:00,16.1,21.8,89,2,22,12,0
2025-12-22 03:00:00,15.3,20.7,86,3,22,12,0
2025-12-22 04:00:00,14.5,19.2,84,4,22,12,0
2025-12-22 05:00:00,16.0,18.7,81,5,22,12,0
2025-12-22 06:00:00,15.7,18.7,79,6,22,12,0
2025-12-22 07:00:00,19.6,23.1,77,7,22,12,0
2025-12-22 08:00:00,27.2,31.4,75,8,22,12,0
2025-12-22 09:00:00,27.9,33.3,72,9,22,12,0
2025-12-22 10:00:00,25.8,34.6,70,10,22,12,0
2025-12-22 11:00:00,28.2,43.3,69,11,22,12,0
2025-12-22 12:00:00,27.7,50.4,69,12,22,12,0
2025-12-22 13:00:00,27.8,51.5,70,13,22,12,0
2025-12-22 14:00:00,28.0,49.4,70,14,22,12,0
2025-12-22 15:00:00,28.5,48.0,71,15,22,12,0
2025-12-22 16:00:00,29.8,47.5,72,16,22,12,0
2025-12-22 17:00:00,42.3,66.4,73,17,22,12,0
2025-12-22 18:00:00,57.5,75.2,75,18,22,12,0
2025-12-22 19:00:00,63.1,75.9,79,19,22,12,0
2025-12-22 20:00:00,66.1,77.1,82,20,22,12,0
2025-12-22 21:00:00,72.9,82.2,85,21,22,12,0
2025-12-22 22:00:00,79.4,85.2,90,22,22,12,0
2025-12-22 23:00:00,81.0,84.8,94,23,22,12,0
2025-12-23 00:00:00,84.1,86.8,100,0,23,12,1
2025-12-23 01:00:00,83.6,86.6,106,1,23,12,1
2025-12-23 02:00:00,79.9,83.4,113,2,23,12,1
2025-12-23 03:00:00,75.4,78.9,120,3,23,12,1
2025-12-23 04:00:00,71.5,74.7,126,4,23,12,1
2025-12-23 05:00:00,69.4,72.6,132,5,23,12,1
2025-12-23 06:00:00,66.8,69.8,138,6,23,12,1
2025-12-23 07:00:00,65.9,69.2,143,7,23,12,1
2025-12-23 08:00:00,66.4,69.6,148,8,23,12,1
2025-12-23 09:00:00,65.0,68.2,150,9,23,12,1
2025-12-23 10:00:00,60.5,65.0,151,10,23,12,1
2025-12-23 11:00:00,52.0,58.4,152,11,23,12,1
2025-12-23 12:00:00,39.7,48.1,152,12,23,12,1
2025-12-23 13:00:00,32.7,41.1,153,13,23,12,1
2025-12-23 14:00:00,30.4,38.2,153,14,23,12,1
2025-12-23 15:00:00,29.9,37.5,153,15,23,12,1
2025-12-23 16:00:00,30.2,37.4,153,16,23,12,1
2025-12-23 17:00:00,25.4,29.7,153,17,23,12,1
2025-12-23 18:00:00,39.1,43.0,153,18,23,12,1
2025-12-23 19:00:00,46.2,49.5,152,19,23,12,1
2025-12-23 20:00:00,43.8,47.6,152,20,23,12,1
2025-12-23 21:00:00,41.4,46.2,151,21,23,12,1
2025-12-23 22:00:00,39.3,45.3,151,22,23,12,1
2025-12-23 23:00:00,37.8,44.9,149,23,23,12,1
2025-12-24 00:00:00,36.4,44.1,144,0,24,12,2
2025-12-24 01:00:00,34.5,42.4,139,1,24,12,2
2025-12-24 02:00:00,32.2,40.4,134,2,24,12,2
2025-12-24 03:00:00,30.4,38.6,129,3,24,12,2
2025-12-24 04:00:00,29.0,37.1,124,4,24,12,2
2025-12-24 05:00:00,28.0,35.6,120,5,24,12,2
2025-12-24 06:00:00,28.0,35.3,116,6,24,12,2
2025-12-24 07:00:00,30.9,38.1,112,7,24,12,2
2025-12-24 08:00:00,36.1,43.1,108,8,24,12,2
2025-12-24 09:00:00,40.0,45.3,105,9,24,12,2
2025-12-24 10:00:00,36.0,43.8,102,10,24,12,2
2025-12-24 11:00:00,33.3,42.1,100,11,24,12,2
2025-12-24 12:00:00,29.2,36.9,98,12,24,12,2
2025-12-24 13:00:00,27.4,34.9,97,13,24,12,2
2025-12-24 14:00:00,27.1,34.3,97,14,24,12,2
2025-12-24 15:00:00,27.0,34.0,96,15,24,12,2
2025-12-24 16:00:00,27.4,34.3,96,16,24,12,2
2025-12-24 17:00:00,27.3,33.2,96,17,24,12,2
2025-12-24 18:00:00,48.4,53.6,96,18,24,12,2
2025-12-24 19:00:00,57.6,62.2,97,19,24,12,2
2025-12-24 20:00:00,58.1,62.6,98,20,24,12,2
2025-12-24 21:00:00,59.8,64.7,99,21,24,12,2
2025-12-24 22:00:00,63.8,68.9,101,22,24,12,2
2025-12-24 23:00:00,64.3,68.7,104,23,24,12,2
2025-12-25 00:00:00,61.2,64.5,106,0,25,12,3
2025-12-25 01:00:00,54.8,58.0,109,1,25,12,3
2025-12-25 02:00:00,49.1,52.2,111,2,25,12,3
2025-12-25 03:00:00,45.2,48.3,113,3,25,12,3
2025-12-25 04:00:00,42.4,45.4,114,4,25,12,3
2025-12-25 05:00:00,39.5,42.5,116,5,25,12,3
2025-12-25 06:00:00,38.4,41.2,117,6,25,12,3
2025-12-25 07:00:00,42.8,45.6,118,7,25,12,3
2025-12-25 08:00:00,52.6,55.4,119,8,25,12,3
2025-12-25 09:00:00,51.8,54.6,121,9,25,12,3
2025-12-25 10:00:00,45.1,48.7,122,10,25,12,3
2025-12-25 11:00:00,37.4,42.5,123,11,25,12,3
2025-12-25 12:00:00,36.1,40.9,124,12,25,12,3
2025-12-25 13:00:00,34.7,38.4,124,13,25,12,3
2025-12-25 14:00:00,35.5,39.1,125,14,25,12,3
2025-12-25 15:00:00,36.9,40.5,126,15,25,12,3
2025-12-25 16:00:00,38.3,41.8,127,16,25,12,3
2025-12-25 17:00:00,37.4,40.4,128,17,25,12,3
2025-12-25 18:00:00,48.1,50.4,129,18,25,12,3
2025-12-25 19:00:00,49.6,51.8,129,19,25,12,3
2025-12-25 20:00:00,47.1,49.6,128,20,25,12,3
2025-12-25 21:00:00,45.2,47.6,127,21,25,12,3
2025-12-25 22:00:00,43.9,46.4,126,22,25,12,3
2025-12-25 23:00:00,43.3,46.0,123,23,25,12,3
2025-12-26 00:00:00,43.0,45.6,121,0,26,12,4
2025-12-26 01:00:00,42.1,44.9,119,1,26,12,4
2025-12-26 02:00:00,40.2,42.8,118,2,26,12,4
2025-12-26 03:00:00,37.4,39.9,117,3,26,12,4
2025-12-26 04:00:00,34.2,36.7,116,4,26,12,4
2025-12-26 05:00:00,34.5,36.8,115,5,26,12,4
2025-12-26 06:00:00,33.5,35.6,115,6,26,12,4
2025-12-26 07:00:00,38.1,40.0,114,7,26,12,4
2025-12-26 08:00:00,48.5,50.2,114,8,26,12,4
2025-12-26 09:00:00,46.6,48.5,114,9,26,12,4
2025-12-26 10:00:00,37.6,40.9,113,10,26,12,4
2025-12-26 11:00:00,32.7,36.2,112,11,26,12,4
2025-12-26 12:00:00,33.3,36.4,112,12,26,12,4
2025-12-26 13:00:00,33.6,36.4,111,13,26,12,4
2025-12-26 14:00:00,34.6,37.1,111,14,26,12,4
2025-12-26 15:00:00,35.2,37.6,111,15,26,12,4
2025-12-26 16:00:00,35.5,38.1,111,16,26,12,4
2025-12-26 17:00:00,33.1,35.9,111,17,26,12,4
2025-12-26 18:00:00,44.9,47.1,110,18,26,12,4
2025-12-26 19:00:00,47.7,49.9,110,19,26,12,4
2025-12-26 20:00:00,46.1,48.7,110,20,26,12,4
2025-12-26 21:00:00,46.1,49.0,110,21,26,12,4
2025-12-26 22:00:00,47.7,50.9,110,22,26,12,4
2025-12-26 23:00:00,50.6,53.7,110,23,26,12,4
2025-12-27 00:00:00,52.9,55.6,111,0,27,12,5
2025-12-27 01:00:00,53.6,55.9,112,1,27,12,5
2025-12-27 02:00:00,52.4,54.4,113,2,27,12,5
2025-12-27 03:00:00,50.4,52.3,114,3,27,12,5
2025-12-27 04:00:00,48.1,49.8,116,4,27,12,5
2025-12-27 05:00:00,45.4,47.5,117,5,27,12,5
2025-12-27 06:00:00,44.2,46.1,118,6,27,12,5
2025-12-27 07:00:00,47.7,49.6,119,7,27,12,5
2025-12-27 08:00:00,54.7,56.3,120,8,27,12,5
2025-12-27 09:00:00,53.0,54.6,121,9,27,12,5
2025-12-27 10:00:00,47.5,49.8,122,10,27,12,5
2025-12-27 11:00:00,39.5,42.8,123,11,27,12,5
2025-12-27 12:00:00,38.6,42.3,124,12,27,12,5
2025-12-27 13:00:00,37.8,41.3,124,13,27,12,5
2025-12-27 14:00:00,37.8,41.2,125,14,27,12,5
2025-12-27 15:00:00,38.3,41.7,125,15,27,12,5
2025-12-27 16:00:00,39.1,42.4,125,16,27,12,5
2025-12-27 17:00:00,28.1,29.5,126,17,27,12,5
2025-12-27 18:00:00,51.7,53.1,128,18,27,12,5
2025-12-27 19:00:00,62.4,63.6,134,19,27,12,5
2025-12-27 20:00:00,64.3,65.7,127,20,27,12,5
2025-12-27 21:00:00,66.1,67.8,129,21,27,12,5
2025-12-27 22:00:00,67.1,68.5,131,22,27,12,5
2025-12-27 23:00:00,64.5,65.2,133,23,27,12,5
2025-12-28 00:00:00,54.6,55.1,135,0,28,12,6
2025-12-28 01:00:00,45.2,45.4,135,1,28,12,6
2025-12-28 02:00:00,37.8,38.1,134,2,28,12,6
2025-12-28 03:00:00,32.6,32.8,132,3,28,12,6
2025-12-28 04:00:00,29.2,29.3,131,4,28,12,6
2025-12-28 05:00:00,27.9,28.1,129,5,28,12,6
2025-12-28 06:00:00,27.2,27.4,127,6,28,12,6
2025-12-28 07:00:00,31.1,31.3,125,7,28,12,6
2025-12-28 08:00:00,39.0,39.2,123,8,28,12,6
2025-12-28 09:00:00,41.7,42.0,122,9,28,12,6
2025-12-28 10:00:00,42.0,42.5,121,10,28,12,6
2025-12-28 11:00:00,33.9,35.0,120,11,28,12,6
2025-12-28 12:00:00,28.5,29.7,119,12,28,12,6
2025-12-28 13:00:00,26.5,27.7,118,13,28,12,6
2025-12-28 14:00:00,27.6,29.0,117,14,28,12,6
2025-12-28 15:00:00,29.9,31.3,116,15,28,12,6
2025-12-28 16:00:00,32.4,33.6,115,16,28,12,6
2025-12-28 17:00:00,31.5,32.4,115,17,28,12,6
2025-12-28 18:00:00,50.1,50.6,115,18,28,12,6
2025-12-28 19:00:00,58.6,59.0,115,19,28,12,6
2025-12-28 20:00:00,61.2,61.7,114,20,28,12,6
2025-12-28 21:00:00,64.0,64.5,114,21,28,12,6
2025-12-28 22:00:00,67.3,68.0,114,22,28,12,6
2025-12-28 23:00:00,68.2,68.9,114,23,28,12,6
2025-12-29 00:00:00,66.4,67.1,114,0,29,12,0
2025-12-29 01:00:00,61.5,62.2,115,1,29,12,0
2025-12-29 02:00:00,55.8,56.3,117,2,29,12,0
2025-12-29 03:00:00,51.0,51.6,119,3,29,12,0
2025-12-29 04:00:00,47.3,47.7,121,4,29,12,0
2025-12-29 05:00:00,42.1,42.7,123,5,29,12,0
2025-12-29 06:00:00,41.2,41.7,124,6,29,12,0
2025-12-29 07:00:00,44.2,44.8,126,7,29,12,0
2025-12-29 08:00:00,51.5,52.0,127,8,29,12,0
2025-12-29 09:00:00,50.5,51.1,128,9,29,12,0
2025-12-29 10:00:00,47.1,47.8,129,10,29,12,0
2025-12-29 11:00:00,39.9,41.0,130,11,29,12,0
2025-12-29 12:00:00,38.3,39.5,130,12,29,12,0
2025-12-29 13:00:00,38.6,39.9,131,13,29,12,0
2025-12-29 14:00:00,41.0,42.6,133,14,29,12,0
2025-12-29 15:00:00,43.4,45.2,134,15,29,12,0
2025-12-29 16:00:00,44.8,46.7,136,16,29,12,0
2025-12-29 17:00:00,38.4,39.7,137,17,29,12,0
2025-12-29 18:00:00,48.5,49.5,138,18,29,12,0
2025-12-29 19:00:00,49.7,50.5,137,19,29,12,0
2025-12-29 20:00:00,46.8,47.7,136,20,29,12,0
2025-12-29 21:00:00,44.6,45.6,135,21,29,12,0
2025-12-29 22:00:00,43.4,44.7,133,22,29,12,0
2025-12-29 23:00:00,43.4,44.8,130,23,29,12,0
2025-12-30 00:00:00,43.5,44.9,128,0,30,12,1
2025-12-30 01:00:00,43.0,44.4,125,1,30,12,1
2025-12-30 02:00:00,42.1,43.5,124,2,30,12,1
2025-12-30 03:00:00,41.4,43.0,122,3,30,12,1
2025-12-30 04:00:00,40.7,42.3,121,4,30,12,1
2025-12-30 05:00:00,44.4,45.9,120,5,30,12,1
2025-12-30 06:00:00,46.4,47.8,121,6,30,12,1
2025-12-30 07:00:00,53.8,55.3,121,7,30,12,1
2025-12-30 08:00:00,69.2,70.5,122,8,30,12,1
2025-12-30 09:00:00,72.2,73.6,124,9,30,12,1
2025-12-30 10:00:00,59.6,62.9,126,10,30,12,1
2025-12-30 11:00:00,52.9,57.4,128,11,30,12,1
2025-12-30 12:00:00,50.6,54.9,129,12,30,12,1
2025-12-30 13:00:00,47.8,51.9,130,13,30,12,1
2025-12-30 14:00:00,46.1,50.4,131,14,30,12,1
2025-12-30 15:00:00,45.9,50.3,132,15,30,12,1
2025-12-30 16:00:00,46.1,49.9,132,16,30,12,1
2025-12-30 17:00:00,38.6,41.8,132,17,30,12,1
2025-12-30 18:00:00,38.8,40.9,132,18,30,12,1
2025-12-30 19:00:00,39.8,41.8,131,19,30,12,1
2025-12-30 20:00:00,41.3,43.3,130,20,30,12,1
2025-12-30 21:00:00,40.7,42.7,130,21,30,12,1
2025-12-30 22:00:00,37.3,39.3,129,22,30,12,1
2025-12-30 23:00:00,32.8,35.0,128,23,30,12,1
2025-12-31 00:00:00,26.5,28.8,127,0,31,12,2
2025-12-31 01:00:00,21.5,25.0,126,1,31,12,2
2025-12-31 02:00:00,15.5,21.0,123,2,31,12,2
2025-12-31 03:00:00,13.3,19.9,121,3,31,12,2
2025-12-31 04:00:00,13.6,20.8,118,4,31,12,2
2025-12-31 05:00:00,14.4,24.4,115,5,31,12,2
2025-12-31 06:00:00,17.1,27.2,112,6,31,12,2
2025-12-31 07:00:00,24.2,34.2,109,7,31,12,2
2025-12-31 08:00:00,35.7,45.6,106,8,31,12,2
2025-12-31 09:00:00,33.8,44.7,102,9,31,12,2
2025-12-31 10:00:00,23.1,43.5,98,10,31,12,2
2025-12-31 11:00:00,20.0,43.8,95,11,31,12,2
2025-12-31 12:00:00,18.0,39.9,92,12,31,12,2
2025-12-31 13:00:00,16.2,34.9,89,13,31,12,2
2025-12-31 14:00:00,14.3,29.9,87,14,31,12,2
2025-12-31 15:00:00,12.7,26.5,84,15,31,12,2
2025-12-31 16:00:00,11.9,25.2,81,16,31,12,2
2025-12-31 17:00:00,13.1,26.5,78,17,31,12,2
2025-12-31 18:00:00,16.8,27.1,75,18,31,12,2
2025-12-31 19:00:00,20.7,30.0,74,19,31,12,2
2025-12-31 20:00:00,22.6,31.8,72,20,31,12,2
2025-12-31 21:00:00,24.1,32.9,70,21,31,12,2
2025-12-31 22:00:00,26.1,35.4,69,22,31,12,2
2025-12-31 23:00:00,29.7,40.3,68,23,31,12,2
